-- phpMyAdmin SQL Dump
-- version 5.2.0
-- https://www.phpmyadmin.net/
--
-- Εξυπηρετητής: 127.0.0.1:3308
-- Χρόνος δημιουργίας: 16 Σεπ 2024 στις 20:22:02
-- Έκδοση διακομιστή: 10.4.27-MariaDB
-- Έκδοση PHP: 8.1.12

SET SQL_MODE = "NO_AUTO_VALUE_ON_ZERO";
START TRANSACTION;
SET time_zone = "+00:00";


/*!40101 SET @OLD_CHARACTER_SET_CLIENT=@@CHARACTER_SET_CLIENT */;
/*!40101 SET @OLD_CHARACTER_SET_RESULTS=@@CHARACTER_SET_RESULTS */;
/*!40101 SET @OLD_COLLATION_CONNECTION=@@COLLATION_CONNECTION */;
/*!40101 SET NAMES utf8mb4 */;

--
-- Βάση δεδομένων: `disaster_database`
--

-- --------------------------------------------------------

--
-- Δομή πίνακα για τον πίνακα `announcements`
--

CREATE TABLE `announcements` (
  `id` int(11) NOT NULL,
  `item_ids` varchar(255) DEFAULT NULL,
  `description` text DEFAULT NULL,
  `created_at` timestamp NOT NULL DEFAULT current_timestamp()
) ENGINE=InnoDB DEFAULT CHARSET=utf8mb4 COLLATE=utf8mb4_general_ci;

--
-- Άδειασμα δεδομένων του πίνακα `announcements`
--

INSERT INTO `announcements` (`id`, `item_ids`, `description`, `created_at`) VALUES
(11, '1', 'announcement 1 ', '2024-09-16 18:11:33'),
(12, '2', 'announcements 2', '2024-09-16 18:11:52'),
(13, '18,19', 'announcements 3', '2024-09-16 18:12:14');

-- --------------------------------------------------------

--
-- Δομή πίνακα για τον πίνακα `base`
--

CREATE TABLE `base` (
  `id` int(11) NOT NULL,
  `latitude` double NOT NULL,
  `longitude` double NOT NULL
) ENGINE=InnoDB DEFAULT CHARSET=utf8mb4 COLLATE=utf8mb4_general_ci;

--
-- Άδειασμα δεδομένων του πίνακα `base`
--

INSERT INTO `base` (`id`, `latitude`, `longitude`) VALUES
(1, 38.246208220517126, 21.734854524547703);

-- --------------------------------------------------------

--
-- Δομή πίνακα για τον πίνακα `categories`
--

CREATE TABLE `categories` (
  `id` int(11) NOT NULL,
  `category_name` varchar(255) NOT NULL
) ENGINE=InnoDB DEFAULT CHARSET=utf8mb4 COLLATE=utf8mb4_general_ci;

--
-- Άδειασμα δεδομένων του πίνακα `categories`
--

INSERT INTO `categories` (`id`, `category_name`) VALUES
(1, 'Beverages'),
(2, 'Food'),
(5, 'Food'),
(6, 'Beverages'),
(7, 'Clothing'),
(8, 'Hacker of class'),
(9, '2d hacker'),
(10, ''),
(11, 'Test'),
(13, '-----'),
(14, 'Flood'),
(15, 'new cat'),
(16, 'Medical Supplies'),
(19, 'Shoes'),
(21, 'Personal Hygiene '),
(22, 'Cleaning Supplies'),
(23, 'Tools'),
(24, 'Kitchen Supplies'),
(25, 'Baby Essentials'),
(26, 'Insect Repellents'),
(27, 'Electronic Devices'),
(28, 'Cold weather'),
(29, 'Animal Food'),
(30, 'Financial support'),
(33, 'Cleaning Supplies.'),
(34, 'Hot Weather'),
(35, 'First Aid '),
(39, 'Test_0'),
(40, 'test1'),
(41, 'pet supplies'),
(42, 'Μedicines'),
(43, 'Energy Drinks'),
(44, 'Disability and Assistance Items'),
(45, 'Communication items'),
(46, 'communications'),
(47, 'Humanitarian Shelters'),
(48, 'Water Purification'),
(49, 'Animal Care'),
(50, 'Earthquake Safety'),
(51, 'Sleep Essentilals'),
(52, 'Navigation Tools'),
(53, 'Clothing and cover'),
(54, 'Tools and Equipment'),
(56, 'Special items'),
(57, 'Household Items'),
(59, 'Books'),
(60, 'Fuel and Energy'),
(61, 'test category'),
(65, 'ood'),
(66, 'Animal Flood'),
(67, '6'),
(68, '5'),
(69, '7'),
(70, '9'),
(71, '14'),
(72, '10'),
(73, '16'),
(74, '21'),
(75, '22'),
(76, '23'),
(77, '24'),
(78, '26'),
(79, '25'),
(80, '27'),
(81, '28'),
(82, '29'),
(83, '34'),
(84, '19'),
(85, '35'),
(86, '11'),
(87, '41'),
(88, '42'),
(89, '43'),
(90, '44'),
(91, '45'),
(92, '47'),
(93, '49'),
(94, '50'),
(95, '51'),
(96, '52'),
(97, '53'),
(98, '54'),
(99, '56'),
(100, '57'),
(101, '59'),
(102, '60'),
(103, '61'),
(104, '67'),
(105, '68'),
(106, '69'),
(107, '70'),
(108, '72'),
(109, '71'),
(110, '73'),
(111, '74'),
(112, '75'),
(113, '76'),
(114, '77'),
(115, '78');

-- --------------------------------------------------------

--
-- Δομή πίνακα για τον πίνακα `inventory`
--

CREATE TABLE `inventory` (
  `id` int(11) NOT NULL,
  `item_name` varchar(100) NOT NULL,
  `quantity` int(11) NOT NULL,
  `rescuer_id` int(11) DEFAULT NULL,
  `item_id` int(11) DEFAULT NULL
) ENGINE=InnoDB DEFAULT CHARSET=utf8mb4 COLLATE=utf8mb4_general_ci;

-- --------------------------------------------------------

--
-- Δομή πίνακα για τον πίνακα `items`
--

CREATE TABLE `items` (
  `id` int(11) NOT NULL,
  `name` varchar(255) NOT NULL,
  `category_id` int(11) DEFAULT NULL,
  `quantity` int(11) DEFAULT 0
) ENGINE=InnoDB DEFAULT CHARSET=utf8mb4 COLLATE=utf8mb4_general_ci;

--
-- Άδειασμα δεδομένων του πίνακα `items`
--

INSERT INTO `items` (`id`, `name`, `category_id`, `quantity`) VALUES
(1, 'Water', 1, 77),
(2, 'Orange juice', 1, 4),
(16, 'water ', 6, 2),
(17, 'Orange juice', 6, 0),
(18, 'Sardines', 5, 0),
(19, 'Canned corn', 5, 0),
(20, 'Bread', NULL, 0),
(21, 'Chocolate', 5, 0),
(22, 'Men Sneakers', 7, 0),
(23, 'Test Product', 9, 0),
(24, 'Test Val', 14, 0),
(25, 'Spaghetti', 5, 0),
(26, 'Croissant', 42, 0),
(28, '', 10, 0),
(29, 'Biscuits', 5, 0),
(30, 'Bandages', 16, 0),
(31, 'Disposable gloves', 16, 0),
(32, 'Gauze', 16, 0),
(33, 'Antiseptic', 16, 0),
(34, 'First Aid Kit', 16, 0),
(35, 'Painkillers', 16, 0),
(36, 'Blanket', 7, 0),
(37, 'Fakes', 5, 0),
(38, 'Menstrual Pads', 21, 0),
(39, 'Tampon', 21, 0),
(40, 'Toilet Paper', 21, 0),
(41, 'Baby wipes', 21, 0),
(42, 'Toothbrush', 21, 0),
(43, 'Toothpaste', 21, 0),
(44, 'Vitamin C', 16, 0),
(45, 'Multivitamines', 16, 0),
(46, 'Paracetamol', 16, 0),
(47, 'Ibuprofen', 16, 0),
(48, '', 10, 0),
(49, '', 10, 0),
(50, '', 10, 0),
(51, 'Cleaning rag', 22, 0),
(52, 'Detergent', 22, 0),
(53, 'Disinfectant', 22, 0),
(54, 'Mop', 22, 0),
(55, 'Plastic bucket', 22, 0),
(56, 'Scrub brush', 22, 0),
(57, 'Dust mask', 22, 0),
(58, 'Broom', 22, 0),
(59, 'Hammer', 23, 0),
(60, 'Skillsaw', 23, 0),
(61, 'Prybar', 23, 0),
(62, 'Shovel', 23, 0),
(63, 'Flashlight', 23, 0),
(64, 'Duct Tape', 23, 0),
(65, 'underwear', 7, 0),
(66, 'Socks', 7, 0),
(67, 'Warm Jacket', 7, 0),
(68, 'Raincoat', 7, 0),
(69, 'gloves', 7, 0),
(70, 'Pants', 7, 0),
(71, 'Boots', 7, 0),
(72, 'Dishes', 24, 0),
(73, 'Pots', 24, 0),
(74, 'Paring knives', 24, 0),
(75, 'Pan', 24, 0),
(76, 'Glass', 24, 0),
(77, '', 10, 0),
(78, '', 10, 0),
(79, '', 10, 0),
(80, '', 10, 0),
(83, 't22', 9, 0),
(84, 'water ', 6, 0),
(85, 'Coca Cola', 6, 0),
(86, 'spray', 26, 0),
(87, 'Outdoor spiral', 26, 0),
(88, 'Baby bottle', 25, 0),
(89, 'Pacifier', 25, 0),
(90, 'Condensed milk', 5, 0),
(91, 'Cereal bar', 5, 0),
(92, 'Pocket Knife', 23, 0),
(93, 'Water Disinfection Tablets', 16, 0),
(94, 'Radio', 27, 0),
(95, 'Kitchen appliances', 14, 0),
(96, 'Winter hat', 28, 0),
(97, 'Winter gloves', 28, 0),
(98, 'Scarf', 28, 0),
(99, 'Thermos', 28, 0),
(100, 'Tea', 6, 0),
(101, 'Dog Food', 29, 0),
(102, 'Cat Food', 29, 0),
(103, 'Canned', 5, 0),
(104, 'Chlorine', 22, 0),
(105, 'Medical gloves', 22, 0),
(106, 'T-Shirt', 7, 0),
(107, 'Cooling Fan', 34, 0),
(108, 'Cool Scarf', 34, 0),
(109, 'Whistle', 23, 0),
(110, 'Blankets', 28, 0),
(111, 'Sleeping Bag', 28, 0),
(112, 'Toothbrush', 21, 0),
(113, 'Toothpaste', 21, 0),
(114, 'Thermometer', 16, 0),
(115, 'rice', 5, 0),
(116, 'Bread', 5, 0),
(117, 'Towels', 22, 0),
(118, 'Wet Wipes', 22, 0),
(119, 'Fire Extinguisher', 23, 0),
(120, 'Fruits', 5, 0),
(121, 'Duct Tape', 23, 0),
(122, 'BlahBlah', 10, 0),
(123, 'Αθλητικά', 19, 0),
(124, 'Πασατέμπος', 5, 0),
(125, 'Bandages', 35, 0),
(126, 'Betadine', 35, 0),
(127, 'cotton wool', 35, 0),
(128, 'Crackers', 5, 0),
(129, 'Sanitary Pads', 21, 0),
(130, 'Sanitary wipes', 21, 0),
(131, 'Electrolytes', 16, 0),
(132, 'Pain killers', 16, 0),
(133, 'Flashlight', 23, 0),
(134, 'Juice', 6, 0),
(135, 'Toilet Paper', 21, 0),
(136, 'Sterilized Saline', 16, 0),
(137, 'Biscuits', 5, 0),
(138, 'Antihistamines', 16, 0),
(139, 'Instant Pancake Mix', 5, 0),
(140, 'Lacta', 5, 0),
(141, 'Canned Tuna', 5, 0),
(142, 'Batteries', 23, 0),
(143, 'Dust Mask', 35, 0),
(144, 'Can Opener', 23, 0),
(146, 'Πατατάκια', 5, 0),
(147, 'Σερβιέτες', 21, 0),
(148, 'Dry Cranberries', 5, 0),
(149, 'Dry Apricots', 5, 0),
(150, 'Dry Figs', 5, 0),
(151, 'Παξιμάδια', 5, 0),
(153, 'Test Item', 11, 0),
(154, 'Painkillers', 35, 0),
(155, 'Tampons', 16, 0),
(156, 'plaster set', 41, 0),
(157, 'elastic bandages', 41, 0),
(158, 'traumaplast', 41, 0),
(159, 'thermal blanket', 41, 0),
(160, 'burn gel', 41, 0),
(161, 'pet carrier', 41, 0),
(162, 'pet dishes', 41, 0),
(163, 'plastic bags', 41, 0),
(164, 'toys', 41, 0),
(165, 'burn pads', 41, 0),
(166, 'cheese', 5, 0),
(167, 'lettuce', 5, 0),
(168, 'eggs', 5, 0),
(169, 'steaks', 5, 0),
(170, 'beef burgers', 5, 0),
(171, 'tomatoes', 5, 0),
(172, 'onions', 5, 0),
(173, 'flour', 5, 0),
(174, 'pastel', 5, 0),
(175, 'nuts', 5, 0),
(176, 'dramamines', 42, 0),
(177, 'nurofen', 42, 0),
(178, 'imodium', 42, 0),
(179, 'emetostop', 42, 0),
(180, 'xanax', 42, 0),
(181, 'saflutan', 42, 0),
(182, 'sadolin', 42, 0),
(183, 'Depon', 42, 0),
(184, 'panadol', 42, 0),
(185, 'ponstan ', 42, 0),
(186, 'algofren', 42, 0),
(187, 'effervescent depon', 42, 0),
(188, 'cold coffee', 6, 0),
(189, 'Hell', 43, 0),
(190, 'Monster', 43, 0),
(191, 'Redbull', 43, 0),
(192, 'Powerade', 43, 0),
(193, 'PRIME', 43, 0),
(194, 'Lighter', 23, 0),
(195, 'isothermally shirts', 28, 0),
(197, 'Depon', 42, 0),
(198, 'Shorts', 34, 0),
(199, 'Chicken', 5, 0),
(200, 'Toilet Paper', 21, 0),
(201, 'toys', 41, 0),
(202, 'sanitary napkins', 21, 0),
(203, 'COVID-19 Tests', 16, 0),
(204, 'Club Soda', 6, 0),
(205, 'Wheelchairs', 44, 0),
(206, 'mobile phones', 45, 0),
(207, 'spoon', 24, 0),
(208, 'fork', 24, 0),
(209, 'MOTOTRBO R7', 45, 0),
(210, 'RM LA 250 (VHF Linear Ενισχυτής 140-150MHz)', 45, 0),
(211, 'Humanitarian General Purpose Tent System (HGPTS)', 47, 0),
(212, 'CELINA Dynamic Small Shelter ', 47, 0),
(213, 'Multi-purpose Area Shelter System, Type-I', 47, 0),
(214, 'Trousers', 7, 0),
(215, 'Shoes', 7, 0),
(216, 'Hoodie', 7, 0),
(218, 'dog food', 49, 0),
(219, 'cat food', 49, 0),
(220, 'macaroni', 5, 0),
(221, 'rice', 5, 0),
(222, 'scarf', 7, 0),
(223, 'gloves', 7, 0),
(224, 'underwear', 7, 0),
(225, 'Silver blanket', 50, 0),
(226, 'Helmet', 50, 0),
(227, 'Disposable toilet', 50, 0),
(228, 'Self-generated flashlight', 50, 0),
(229, 'Mattresses ', 51, 0),
(230, 'flashlight', 51, 0),
(231, 'matches', 51, 0),
(232, 'Heater', 51, 0),
(233, 'Earplugs', 51, 0),
(234, 'Compass', 52, 0),
(235, 'Map', 52, 0),
(236, 'GPS', 52, 0),
(237, 'First Aid', 16, 0),
(238, 'Bandage', 16, 0),
(239, 'Mask', 16, 0),
(240, 'Medicines', 16, 0),
(241, 'Water', 5, 0),
(242, 'Canned Goods', 5, 0),
(243, 'Snacks', 5, 0),
(244, 'Cereals', 5, 0),
(245, 'Blankets', 53, 0),
(246, 'Shirt', 53, 0),
(247, 'Pants', 53, 0),
(248, 'Shoes', 53, 0),
(249, 'Socks', 53, 0),
(250, 'Caps', 53, 0),
(251, 'Gloves', 53, 0),
(252, 'Flashlight', 54, 0),
(253, 'Batteries', 54, 0),
(254, 'Repair Tools', 54, 0),
(255, 'Soap and Shampoo', 21, 0),
(256, 'Toothpastes and Toothbrushes', 21, 0),
(257, 'Towels', 21, 0),
(258, 'Diapers', 56, 0),
(259, 'Animal food', 56, 0),
(260, 'Pots', 57, 0),
(261, 'Plates', 57, 0),
(262, 'Cups', 57, 0),
(263, 'Cutlery ', 57, 0),
(264, 'Cleaning Supplies', 57, 0),
(265, 'Kitchen Appliances', 57, 0),
(266, 'Home Repair Tools', 57, 0),
(268, 'Lord of the Rings', 59, 0),
(269, 'Dog Food', 29, 0),
(270, 'DEPON', 16, 0),
(271, 'Painkillers', 16, 0),
(272, 'Gasoline', 60, 0),
(273, 'Power Banks', 60, 0),
(275, 'test item', 29, 0),
(277, 'T4 Levothyroxine', 42, 0),
(278, 'test1', 1, 1),
(279, 'Croissant', 5, 0),
(280, '', 9, 0),
(281, 'test item2', 61, 0),
(284, 'Water', 67, 0),
(285, 'Orange juice', 67, 0),
(286, 'Sardines', 68, 0),
(287, 'Canned corn', 68, 0),
(288, 'Bread', 68, 0),
(289, 'Chocolate', 68, 0),
(290, 'Men Sneakers', 69, 0),
(291, 'Test Product', 70, 0),
(292, 'Test Val', 71, 0),
(293, 'Spaghetti', 68, 0),
(294, 'Croissant', 68, 0),
(295, '', 72, 0),
(296, 'Biscuits', 68, 0),
(297, 'Bandages', 73, 0),
(298, 'Disposable gloves', 73, 0),
(299, 'Gauze', 73, 0),
(300, 'Antiseptic', 73, 0),
(301, 'First Aid Kit', 73, 0),
(302, 'Painkillers', 73, 0),
(303, 'Blanket', 69, 0),
(304, 'Fakes', 68, 0),
(305, 'Menstrual Pads', 74, 0),
(306, 'Tampon', 74, 0),
(307, 'Toilet Paper', 74, 0),
(308, 'Baby wipes', 74, 0),
(309, 'Toothbrush', 74, 0),
(310, 'Toothpaste', 74, 0),
(311, 'Vitamin C', 73, 0),
(312, 'Multivitamines', 73, 0),
(313, 'Paracetamol', 73, 0),
(314, 'Ibuprofen', 73, 0),
(315, 'Cleaning rag', 75, 0),
(316, 'Detergent', 75, 0),
(317, 'Disinfectant', 75, 0),
(318, 'Mop', 75, 0),
(319, 'Plastic bucket', 75, 0),
(320, 'Scrub brush', 75, 0),
(321, 'Dust mask', 75, 0),
(322, 'Broom', 75, 0),
(323, 'Hammer', 76, 0),
(324, 'Skillsaw', 76, 0),
(325, 'Prybar', 76, 0),
(326, 'Shovel', 76, 0),
(327, 'Flashlight', 76, 0),
(328, 'Duct tape', 76, 0),
(329, 'Underwear', 69, 0),
(330, 'Socks', 69, 0),
(331, 'Warm Jacket', 69, 0),
(332, 'Raincoat', 69, 0),
(333, 'Gloves', 69, 0),
(334, 'Pants', 69, 0),
(335, 'Boots', 69, 0),
(336, 'Dishes', 77, 0),
(337, 'Pots', 77, 0),
(338, 'Paring knives', 77, 0),
(339, 'Pan', 77, 0),
(340, 'Glass', 77, 0),
(341, 't22', 70, 0),
(342, 'Coca Cola', 67, 0),
(343, 'spray', 78, 0),
(344, 'Outdoor spiral', 78, 0),
(345, 'Baby bottle', 79, 0),
(346, 'Pacifier', 79, 0),
(347, 'Condensed milk', 68, 0),
(348, 'Cereal bar', 68, 0),
(349, 'Pocket Knife', 76, 0),
(350, 'Water Disinfection Tablets', 73, 0),
(351, 'Radio', 80, 0),
(352, 'Kitchen appliances', 71, 0),
(353, 'Winter hat', 81, 0),
(354, 'Winter gloves', 81, 0),
(355, 'Scarf', 81, 0),
(356, 'Thermos', 81, 0),
(357, 'Tea', 67, 0),
(358, 'Dog Food ', 82, 0),
(359, 'Cat Food', 82, 0),
(360, 'Canned', 68, 0),
(361, 'Chlorine', 75, 0),
(362, 'Medical gloves', 75, 0),
(363, 'T-Shirt', 69, 0),
(364, 'Cooling Fan', 83, 0),
(365, 'Cool Scarf', 83, 0),
(366, 'Whistle', 76, 0),
(367, 'Blankets', 81, 0),
(368, 'Sleeping Bag', 81, 0),
(369, 'Thermometer', 73, 0),
(370, 'Rice', 68, 0),
(371, 'Towels', 75, 0),
(372, 'Wet Wipes', 75, 0),
(373, 'Fire Extinguisher', 76, 0),
(374, 'Fruits', 68, 0),
(375, 'Αθλητικά', 84, 0),
(376, 'Πασατέμπος', 68, 0),
(377, 'Bandages', 85, 0),
(378, 'Betadine', 85, 0),
(379, 'cotton wool', 85, 0),
(380, 'Crackers', 68, 0),
(381, 'Sanitary Pads', 74, 0),
(382, 'Sanitary wipes', 74, 0),
(383, 'Electrolytes', 73, 0),
(384, 'Pain killers', 73, 0),
(385, 'Juice', 67, 0),
(386, 'Sterilized Saline', 73, 0),
(387, 'Antihistamines', 73, 0),
(388, 'Instant Pancake Mix', 68, 0),
(389, 'Lacta', 68, 0),
(390, 'Canned Tuna', 68, 0),
(391, 'Batteries', 76, 0),
(392, 'Dust Mask', 85, 0),
(393, 'Can Opener', 76, 0),
(394, 'Πατατάκια', 68, 0),
(395, 'Σερβιέτες', 74, 0),
(396, 'Dry Cranberries', 68, 0),
(397, 'Dry Apricots', 68, 0),
(398, 'Dry Figs', 68, 0),
(399, 'Παξιμάδια', 68, 0),
(400, 'Test Item', 86, 0),
(401, 'Painkillers', 85, 0),
(402, 'Tampons', 73, 0),
(403, 'plaster set', 87, 0),
(404, 'elastic bandages', 87, 0),
(405, 'traumaplast', 87, 0),
(406, 'thermal blanket', 87, 0),
(407, 'burn gel', 87, 0),
(408, 'pet carrier', 87, 0),
(409, 'pet dishes', 87, 0),
(410, 'plastic bags', 87, 0),
(411, 'toys', 87, 0),
(412, 'burn pads', 87, 0),
(413, 'cheese', 68, 0),
(414, 'lettuce', 68, 0),
(415, 'eggs', 68, 0),
(416, 'steaks', 68, 0),
(417, 'beef burgers', 68, 0),
(418, 'tomatoes', 68, 0),
(419, 'onions', 68, 0),
(420, 'flour', 68, 0),
(421, 'pastel', 68, 0),
(422, 'nuts', 68, 0),
(423, 'dramamines', 88, 0),
(424, 'nurofen', 88, 0),
(425, 'imodium', 88, 0),
(426, 'emetostop', 88, 0),
(427, 'xanax', 88, 0),
(428, 'saflutan', 88, 0),
(429, 'sadolin', 88, 0),
(430, 'depon', 88, 0),
(431, 'panadol', 88, 0),
(432, 'ponstan ', 88, 0),
(433, 'algofren', 88, 0),
(434, 'effervescent depon', 88, 0),
(435, 'cold coffee', 67, 0),
(436, 'Hell', 89, 0),
(437, 'Monster', 89, 0),
(438, 'Redbull', 89, 0),
(439, 'Powerade', 89, 0),
(440, 'PRIME', 89, 0),
(441, 'Lighter', 76, 0),
(442, 'isothermally shirts', 81, 0),
(443, 'Shorts', 83, 0),
(444, 'Chicken', 68, 0),
(445, 'sanitary napkins', 74, 0),
(446, 'COVID-19 Tests', 73, 0),
(447, 'Club Soda', 67, 0),
(448, 'Wheelchairs', 90, 0),
(449, 'mobile phones', 91, 0),
(450, 'spoon', 77, 0),
(451, 'fork', 77, 0),
(452, 'MOTOTRBO R7', 91, 0),
(453, 'RM LA 250 (VHF Linear Ενισχυτής 140-150MHz)', 91, 0),
(454, 'Humanitarian General Purpose Tent System (HGPTS)', 92, 0),
(455, 'CELINA Dynamic Small Shelter ', 92, 0),
(456, 'Multi-purpose Area Shelter System, Type-I', 92, 0),
(457, 'Trousers', 69, 0),
(458, 'Shoes', 69, 0),
(459, 'Hoodie', 69, 0),
(460, 'dog food', 93, 0),
(461, 'cat food', 93, 0),
(462, 'macaroni', 68, 0),
(463, 'scarf', 69, 0),
(464, 'Silver blanket', 94, 0),
(465, 'Helmet', 94, 0),
(466, 'Disposable toilet', 94, 0),
(467, 'Self-generated flashlight', 94, 0),
(468, 'Mattresses ', 95, 0),
(469, 'flashlight', 95, 0),
(470, 'matches', 95, 0),
(471, 'Heater', 95, 0),
(472, 'Earplugs', 95, 0),
(473, 'Compass', 96, 0),
(474, 'Map', 96, 0),
(475, 'GPS', 96, 0),
(476, 'First Aid', 73, 0),
(477, 'Bandage', 73, 0),
(478, 'Mask', 73, 0),
(479, 'Medicines', 73, 0),
(480, 'Water', 68, 0),
(481, 'Canned Goods', 68, 0),
(482, 'Snacks', 68, 0),
(483, 'Cereals', 68, 0),
(484, 'Blankets', 97, 0),
(485, 'Shirt', 97, 0),
(486, 'Pants', 97, 0),
(487, 'Shoes', 97, 0),
(488, 'Socks', 97, 0),
(489, 'Caps', 97, 0),
(490, 'Gloves', 97, 0),
(491, 'Flashlight', 98, 0),
(492, 'Batteries', 98, 0),
(493, 'Repair Tools', 98, 0),
(494, 'Soap and Shampoo', 74, 0),
(495, 'Toothpastes and Toothbrushes', 74, 0),
(496, 'Towels', 74, 0),
(497, 'Diapers', 99, 0),
(498, 'Animal food', 99, 0),
(499, 'Pots', 100, 0),
(500, 'Plates', 100, 0),
(501, 'Cups', 100, 0),
(502, 'Cutlery ', 100, 0),
(503, 'Cleaning Supplies', 100, 0),
(504, 'Kitchen Appliances', 100, 0),
(505, 'Home Repair Tools', 100, 0),
(506, 'Lord of the Rings', 101, 0),
(507, 'DEPON', 73, 0),
(508, 'Gasoline', 102, 0),
(509, 'Power Banks', 102, 0),
(510, '', 70, 0),
(511, 'test item', 82, 0),
(512, 'test item2', 103, 0),
(513, 'T4 Levothyroxine', 88, 0),
(514, 'Solar Charger', 104, 0),
(515, 'Solar-Powered Radio', 104, 0),
(516, 'Solar Torch', 104, 0),
(517, 'Stress Ball', 105, 0),
(518, 'Guided Meditation Audio', 105, 0),
(519, 'Frezyderm Baby Bath ', 106, 0),
(520, 'Love me again ', 101, 0),
(521, 'Apotel', 73, 0),
(522, 'Xanax', 73, 0),
(523, 'Medrol', 73, 0),
(524, 'Nike shoes', 84, 0),
(525, 'Petrol', 107, 0),
(532, 'Tires', 107, 0),
(533, 'Car Oil', 107, 0),
(534, 'Brake Fluid', 107, 0),
(535, 'Car Battery', 107, 0),
(536, 'Windshield Wipers', 107, 0),
(537, 'testSept2024', 86, 0),
(538, ' Chicken and Rice Meal', 108, 0),
(539, 'Beef Stew', 108, 0),
(540, 'Alfredo Pasta', 108, 0),
(541, 'Thermal Gloves', 109, 0),
(542, 'Fleece-Lined Jacket', 109, 0),
(543, 'Thermal Leggings', 109, 0),
(544, 'The Great Gatsby', 101, 0),
(545, 'Cold Weather Thermal Jacket', 109, 0),
(546, 'Transformers', 110, 0),
(547, 'Gormiti set', 110, 0),
(548, 'Emergency Blankets', 111, 0),
(549, 'Tent Repair Kits', 111, 0),
(550, 'Portable Lighting', 111, 0),
(551, 'Shelter Tarps', 111, 0),
(552, 'Protective Masks', 112, 0),
(553, 'Reflective Vests', 112, 0),
(554, 'Emergency Whistles', 112, 0),
(555, 'Emergency Flares', 112, 0),
(556, 'Panadol', 113, 0),
(557, 'Ibuprofen', 113, 0),
(558, 'Iodine Solution', 113, 0),
(559, 'test12345', 1, 9),
(560, 'Pet Food (Dry)', 114, 0),
(561, 'Pet Food (Wet)', 114, 0),
(562, 'Pet Bed', 114, 0),
(563, 'Pet Water Bottle', 114, 0),
(564, 'Pet Leash', 114, 0),
(565, 'Pet Collar', 114, 0),
(566, 'Pet Waste Bag', 114, 0),
(567, 'Pet First Aid Kit', 114, 0),
(568, 'Pet Shampoo', 114, 0),
(569, 'Pet Carrier', 114, 0),
(570, 'Hand Sanitizer', 106, 0),
(571, 'Sanitary Wipes', 106, 0),
(572, 'Trash Bags', 106, 0),
(573, 'Disinfectant Spray', 106, 0),
(574, 'Toilet Cleaning Brush', 106, 0),
(575, 'Surface Cleaner', 106, 0),
(576, 'Air Freshener', 106, 0),
(577, 'Bleach', 106, 0),
(578, 'Scrub Pads', 106, 0),
(579, 'Cleaning Gloves', 106, 0),
(580, 'Emergency Whistle', 115, 0),
(581, 'Signal Mirror', 115, 0),
(582, 'Flare Kit', 115, 0),
(583, 'Hand-Crank Radio', 115, 0),
(584, 'Walkie-Talkies', 115, 0),
(585, 'Glow Sticks', 115, 0),
(586, 'Emergency Beacon', 115, 0),
(587, 'Reflective Tapes', 115, 0),
(588, 'SOS Signal Card', 115, 0),
(589, 'Portable Changer', 115, 0),
(590, 'Oil', 107, 0),
(591, 'Paraflu', 107, 0),
(592, 'acrivastine', 88, 0),
(593, 'Bisacodyl', 88, 0),
(594, 'Cefalexin', 88, 0),
(595, 'Digoxin', 88, 0),
(596, 'Fentanyl', 88, 0),
(597, 'Circular Saw', 98, 0),
(598, 'Bolts', 98, 0),
(599, 'screws', 98, 0),
(600, 'electric drill', 76, 0);

-- --------------------------------------------------------

--
-- Δομή πίνακα για τον πίνακα `item_details`
--

CREATE TABLE `item_details` (
  `id` int(11) NOT NULL,
  `item_id` int(11) DEFAULT NULL,
  `detail_name` varchar(255) DEFAULT NULL,
  `detail_value` varchar(255) DEFAULT NULL
) ENGINE=InnoDB DEFAULT CHARSET=utf8mb4 COLLATE=utf8mb4_general_ci;

--
-- Άδειασμα δεδομένων του πίνακα `item_details`
--

INSERT INTO `item_details` (`id`, `item_id`, `detail_name`, `detail_value`) VALUES
(1, 1, 'volume', '1.5l'),
(2, 1, 'pack size', '6'),
(3, 2, 'volume', '250ml'),
(4, 2, 'pack size', '12'),
(5, 16, 'volume', '1.5l'),
(6, 16, 'pack size', '6'),
(7, 17, 'volume', '250ml'),
(8, 17, 'pack size', '12'),
(9, 18, 'brand', 'Trata'),
(10, 18, 'weight', '200g'),
(11, 19, 'weight', '500g'),
(12, 20, 'weight', '1kg'),
(13, 20, 'type', 'white'),
(14, 21, 'weight', '100g'),
(15, 21, 'type', 'milk chocolate'),
(16, 21, 'brand', 'ION'),
(17, 22, 'size', '44'),
(18, 23, 'weight', '500g'),
(19, 23, 'pack size', '12'),
(20, 23, 'expiry date', '13/12/1978'),
(21, 24, 'Details', '600ml'),
(22, 25, 'grams', '500'),
(23, 26, 'calories', '200'),
(24, 28, '', ''),
(25, 29, '', ''),
(26, 30, '', '25 pcs'),
(27, 31, '', '100 pcs'),
(28, 32, '', ''),
(29, 33, '', '250ml'),
(30, 34, '', ''),
(31, 35, 'volume', '200mg'),
(32, 36, 'size', '50\" x 60\"'),
(33, 37, '', ''),
(34, 38, 'stock', '500'),
(35, 38, 'size', '3'),
(36, 38, '', ''),
(37, 39, 'stock', '500'),
(38, 39, 'size', 'regular'),
(39, 40, 'stock', '300'),
(40, 40, 'ply', '3'),
(41, 41, 'volume', '500gr'),
(42, 41, 'stock ', '500'),
(43, 41, 'scent', 'aloe'),
(44, 42, 'stock', '500'),
(45, 43, 'stock', '250'),
(46, 44, 'stock', '200'),
(47, 45, 'stock', '200'),
(48, 46, 'stock', '2000'),
(49, 46, 'dosage', '500mg'),
(50, 47, 'stock ', '10'),
(51, 47, 'dosage', '200mg'),
(52, 48, '', ''),
(53, 49, '', ''),
(54, 49, '', ''),
(55, 49, '', ''),
(56, 50, '', ''),
(57, 51, '', ''),
(58, 52, '', ''),
(59, 53, '', ''),
(60, 54, '', ''),
(61, 55, '', ''),
(62, 56, '', ''),
(63, 57, '', ''),
(64, 58, '', ''),
(65, 59, '', ''),
(66, 60, '', ''),
(67, 61, '', ''),
(68, 62, '', ''),
(69, 63, '', ''),
(70, 64, '', ''),
(71, 65, '', ''),
(72, 66, '', ''),
(73, 67, '', ''),
(74, 68, '', ''),
(75, 69, '', ''),
(76, 70, '', ''),
(77, 71, '', ''),
(78, 72, '', ''),
(79, 73, '', ''),
(80, 74, '', ''),
(81, 75, '', ''),
(82, 76, '', ''),
(83, 77, '', ''),
(84, 77, '', ''),
(85, 77, '', ''),
(86, 78, '', ''),
(87, 79, '', ''),
(88, 80, '', ''),
(95, 83, 'wtwty', 'wytwty'),
(96, 84, '', ''),
(97, 85, 'Volume', '500ml'),
(98, 86, 'volume', '75ml'),
(99, 87, 'duration', '7 hours'),
(100, 88, 'volume', '250ml'),
(101, 89, 'material', 'silicone'),
(102, 90, 'weight', '400gr'),
(103, 91, 'weight', '23,5gr'),
(104, 92, 'Number of different tools', '3'),
(105, 92, 'Tool', 'Knife'),
(106, 92, 'Tool', 'Screwdriver'),
(107, 92, 'Tool', 'Spoon'),
(108, 93, 'Basic Ingredients', 'Iodine'),
(109, 93, 'Suggested for', 'Everyone expept pregnant women'),
(110, 94, 'Power', 'Batteries'),
(111, 94, 'Frequencies Range', '3 kHz - 3000 GHz'),
(112, 95, '', '(scrubbers, rubber gloves, kitchen detergent, laundry soap)'),
(113, 96, '', ''),
(114, 97, '', ''),
(115, 98, '', ''),
(116, 99, '', ''),
(117, 100, 'volume', '500ml'),
(118, 101, 'volume', '500g'),
(119, 102, 'volume', '500g'),
(120, 103, '', ''),
(121, 104, 'volume', '500ml'),
(122, 105, 'volume', '20pieces'),
(123, 106, 'size', 'XL'),
(124, 107, '', ''),
(125, 108, '', ''),
(126, 109, '', ''),
(127, 110, '', ''),
(128, 111, '', ''),
(129, 112, '', ''),
(130, 113, '', ''),
(131, 114, '', ''),
(132, 115, '', ''),
(133, 116, '', ''),
(134, 117, '', ''),
(135, 118, '', ''),
(136, 119, '', ''),
(137, 120, '', ''),
(138, 120, '', ''),
(139, 121, '', ''),
(140, 122, '', ''),
(141, 123, 'Νο 46', ''),
(142, 124, '', ''),
(143, 125, 'Adhesive', '2 meters'),
(144, 126, 'Povidone iodine 10%', '240 ml'),
(145, 127, '100% Hydrofile', '70gr'),
(146, 128, 'Quantity per package', '10'),
(147, 128, 'Packages', '2'),
(148, 129, 'piece', '10 pieces'),
(149, 129, '', ''),
(150, 129, '', ''),
(151, 130, 'pank', '10 packs'),
(152, 131, 'packet of pills', '20 pills'),
(153, 132, 'packet of pills', '20 pills'),
(154, 133, 'pieces', '1'),
(155, 133, '', ''),
(156, 134, 'volume', '500ml'),
(157, 135, 'rolls', '1 roll'),
(158, 135, '', ''),
(159, 136, 'volume', '100ml'),
(160, 137, 'packet', '1 packet'),
(161, 138, 'pills', '10 pills'),
(162, 139, '', ''),
(163, 140, 'weight', '105g'),
(164, 141, '', ''),
(165, 142, '6 pack', ''),
(166, 143, '1', ''),
(167, 144, '1', ''),
(169, 146, 'weight', '45g'),
(170, 147, 'pcs', '18'),
(171, 148, 'weight', '100'),
(172, 149, 'weight', '100'),
(173, 150, 'weight', '100'),
(174, 151, 'weight', '200g'),
(176, 153, 'volume', '200g'),
(177, 153, '', ''),
(178, 154, 'Potency', 'High'),
(179, 155, '', ''),
(180, 156, '1', ''),
(181, 156, '', ''),
(182, 157, '', '12'),
(183, 158, '', '20'),
(184, 158, '', ''),
(185, 159, '', '2'),
(186, 160, 'ml', '500'),
(187, 161, '', '2'),
(188, 162, '', '10'),
(189, 163, '', '20'),
(190, 164, '', '5'),
(191, 165, '', '5'),
(192, 166, 'grams', '1000'),
(193, 167, 'grams', '500'),
(194, 168, 'pair', '10'),
(195, 169, 'grams', '1000'),
(196, 170, 'grams', '500'),
(197, 171, 'grams', '1000'),
(198, 172, 'grams', '500'),
(199, 173, 'grams', '1000'),
(200, 174, '', '7'),
(201, 175, 'grams', '500'),
(202, 176, '', '5'),
(203, 177, '', '10'),
(204, 178, '', '5'),
(205, 179, '', '5'),
(206, 180, '', '5'),
(207, 181, '', '2'),
(208, 182, '', '3'),
(209, 183, '', '20'),
(210, 184, '', '6'),
(211, 185, '', '10'),
(212, 186, '10', '600ml'),
(213, 186, '', ''),
(214, 187, '67', '1000mg'),
(215, 188, '10', '330ml'),
(216, 189, '22', '330'),
(217, 190, '31', '500ml'),
(218, 191, '40', '330ml'),
(219, 192, '23', '500ml'),
(220, 193, '15', '500ml'),
(221, 194, '16', 'Mini'),
(222, 195, '5', 'Medium'),
(223, 195, '6', 'Large'),
(224, 195, '10', 'Small'),
(225, 195, '2', 'XL'),
(227, 197, '10', '500mg'),
(228, 197, '', ''),
(229, 198, '20', ''),
(230, 198, '', ''),
(231, 199, '5', '1.5kg'),
(232, 200, '20', '200g'),
(233, 200, '', ''),
(234, 201, '30', ''),
(235, 202, '30', '500g'),
(236, 203, '20', ''),
(237, 204, 'volume', '500ml'),
(238, 205, 'quantity', '100'),
(239, 206, 'iphone', '200'),
(240, 207, '', ''),
(241, 208, '', ''),
(242, 209, 'band', 'UHF/VHF'),
(243, 209, 'Wi-Fi', '2,4/5,0 GHz'),
(244, 209, 'Bluetooth', '5.2'),
(245, 209, 'Οθόνη', '2,4” 320 x 240 px. QVGA'),
(246, 209, 'διάρκεια ζωής της μπαταρίας', '28 ώρες'),
(247, 210, 'Frequency', '140-150Mhz'),
(248, 210, 'Power Supply', '13VDC /- 1V 40A'),
(249, 210, 'Output RF Power (Nominal)', '30 – 210W ; 230W max AM/FM/CW'),
(250, 210, 'Modulation Types', 'SSB,CW,AM, FM, data etc (All narrowband modes)'),
(251, 211, 'PART NUMBER', 'C14Y016X016-T'),
(252, 211, 'CONTRACTOR NAME:', 'CELINA Tent, Inc'),
(253, 211, 'COLOR', 'Tan'),
(254, 211, 'SET-UP TIME/NUMBER OF PERSONS', '4 People/30 Minutes'),
(255, 212, 'dimensions', ' 20’x32.5’'),
(256, 212, 'TYPE', 'Frame Structure, Expandable, Air-Transportable'),
(257, 212, 'WEIGHT', '1,200 lbs'),
(258, 213, 'TYPE', 'Frame Structure, Expandable, Air- Transportable'),
(259, 213, 'DIMENSIONS', 'E I-40’x80’'),
(260, 213, 'WEIGHT', '24,000 lbs'),
(261, 214, '', ''),
(262, 215, '', ''),
(263, 216, '', ''),
(265, 218, 'weight', '1k'),
(266, 219, 'weight', '1k'),
(267, 220, '', ''),
(268, 221, '', ''),
(269, 222, '', ''),
(270, 223, '', ''),
(271, 224, '', ''),
(272, 225, '', ''),
(273, 226, '', ''),
(274, 227, '', ''),
(275, 228, '', ''),
(276, 229, 'size', '1.90X60'),
(277, 230, 'light', 'blue'),
(278, 231, 'pack', '60'),
(279, 232, 'Volts', '208'),
(280, 233, 'material', 'plastic'),
(281, 234, 'Type', 'Digital'),
(282, 235, 'Material', 'Paper'),
(283, 236, 'Type', 'Waterproof'),
(284, 237, '1', '1'),
(285, 237, '', ''),
(286, 238, '', '5'),
(287, 239, '', '10'),
(288, 240, '', ''),
(289, 241, '6', '1500ml'),
(290, 242, '2', '80g'),
(291, 243, '3', '100g'),
(292, 244, '1', '800g'),
(293, 245, '1', ''),
(294, 246, '', ''),
(295, 247, '', ''),
(296, 248, '', ''),
(297, 249, '', ''),
(298, 250, '', ''),
(299, 251, '', ''),
(300, 252, '', ''),
(301, 253, 'AAA', '5'),
(302, 254, '', ''),
(303, 255, '1', '200ml'),
(304, 256, '', ''),
(305, 257, '', ''),
(306, 258, '', ''),
(307, 259, '', ''),
(308, 260, '', ''),
(309, 261, '', ''),
(310, 262, '', ''),
(311, 263, '', ''),
(312, 264, '', ''),
(313, 265, '', ''),
(314, 266, '', ''),
(316, 268, 'pages', '230'),
(317, 269, '', '1kg'),
(318, 270, '', ''),
(319, 271, '', ''),
(320, 272, 'galons', '20'),
(321, 273, 'quantity', '5'),
(323, 275, 'test item ', '1kg'),
(326, 277, 'pills', '60 pills'),
(327, 284, 'volume', '1.5l'),
(328, 284, 'pack size', '6'),
(329, 285, 'volume', '250ml'),
(330, 285, 'pack size', '12'),
(331, 286, 'brand', 'Trata'),
(332, 286, 'weight', '200g'),
(333, 287, 'weight', '500g'),
(334, 288, 'weight', '1kg'),
(335, 288, 'type', 'white'),
(336, 289, 'weight', '100g'),
(337, 289, 'type', 'milk chocolate'),
(338, 289, 'brand', 'ION'),
(339, 290, 'size', '44'),
(340, 291, 'weight', '500g'),
(341, 291, 'pack size', '12'),
(342, 291, 'expiry date', '13/12/1978'),
(343, 292, 'Details', '600ml'),
(344, 293, 'grams', '500'),
(345, 294, 'calories', '200'),
(346, 295, '', ''),
(347, 296, '', ''),
(348, 297, '', '25 pcs'),
(349, 298, '', '100 pcs'),
(350, 299, '', ''),
(351, 300, '', '250ml'),
(352, 301, '', ''),
(353, 302, 'volume', '200mg'),
(354, 303, 'size', '50\" x 60\"'),
(355, 304, '', ''),
(356, 305, 'stock', '500'),
(357, 305, 'size', '3'),
(358, 305, '', ''),
(359, 306, 'stock', '500'),
(360, 306, 'size', 'regular'),
(361, 307, 'stock', '300'),
(362, 307, 'ply', '3'),
(363, 308, 'volume', '500gr'),
(364, 308, 'stock ', '500'),
(365, 308, 'scent', 'aloe'),
(366, 309, 'stock', '500'),
(367, 310, 'stock', '250'),
(368, 311, 'stock', '200'),
(369, 312, 'stock', '200'),
(370, 313, 'stock', '2000'),
(371, 313, 'dosage', '500mg'),
(372, 314, 'stock ', '10'),
(373, 314, 'dosage', '200mg'),
(374, 295, '', ''),
(375, 295, '', ''),
(376, 295, '', ''),
(377, 295, '', ''),
(378, 295, '', ''),
(379, 315, '', ''),
(380, 316, '', ''),
(381, 317, '', ''),
(382, 318, '', ''),
(383, 319, '', ''),
(384, 320, '', ''),
(385, 321, '', ''),
(386, 322, '', ''),
(387, 323, '', ''),
(388, 324, '', ''),
(389, 325, '', ''),
(390, 326, '', ''),
(391, 327, '', ''),
(392, 328, '', ''),
(393, 329, '', ''),
(394, 330, '', ''),
(395, 331, '', ''),
(396, 332, '', ''),
(397, 333, '', ''),
(398, 334, '', ''),
(399, 335, '', ''),
(400, 336, '', ''),
(401, 337, '', ''),
(402, 338, '', ''),
(403, 339, '', ''),
(404, 340, '', ''),
(405, 295, '', ''),
(406, 295, '', ''),
(407, 295, '', ''),
(408, 295, '', ''),
(409, 295, '', ''),
(410, 295, '', ''),
(411, 295, '', ''),
(412, 295, '', ''),
(413, 295, '', ''),
(414, 295, '', ''),
(415, 295, 'ghw56', 'twhwhrwh'),
(416, 295, '', ''),
(417, 341, 'wtwty', 'wytwty'),
(418, 284, '', ''),
(419, 342, 'Volume', '500ml'),
(420, 343, 'volume', '75ml'),
(421, 344, 'duration', '7 hours'),
(422, 345, 'volume', '250ml'),
(423, 346, 'material', 'silicone'),
(424, 347, 'weight', '400gr'),
(425, 348, 'weight', '23,5gr'),
(426, 349, 'Number of different tools', '3'),
(427, 349, 'Tool', 'Spoon'),
(428, 349, 'Tool', 'Spoon'),
(429, 349, 'Tool', 'Spoon'),
(430, 350, 'Basic Ingredients', 'Iodine'),
(431, 350, 'Suggested for', 'Everyone expept pregnant women'),
(432, 351, 'Power', 'Batteries'),
(433, 351, 'Frequencies Range', '3 kHz - 3000 GHz'),
(434, 352, '', '(scrubbers, rubber gloves, kitchen detergent, laundry soap)'),
(435, 353, '', ''),
(436, 354, '', ''),
(437, 355, '', ''),
(438, 356, '', ''),
(439, 357, 'volume', '500ml'),
(440, 358, 'volume', '500g'),
(441, 359, 'volume', '500g'),
(442, 360, '', ''),
(443, 361, 'volume', '500ml'),
(444, 362, 'volume', '20pieces'),
(445, 363, 'size', 'XL'),
(446, 364, '', ''),
(447, 365, '', ''),
(448, 366, '', ''),
(449, 367, '', ''),
(450, 368, '', ''),
(451, 309, '', ''),
(452, 310, '', ''),
(453, 369, '', ''),
(454, 370, '', ''),
(455, 288, '', ''),
(456, 371, '', ''),
(457, 372, '', ''),
(458, 373, '', ''),
(459, 374, '', ''),
(460, 374, '', ''),
(461, 328, '', ''),
(462, 295, '', ''),
(463, 375, 'Νο 46', ''),
(464, 376, '', ''),
(465, 377, 'Adhesive', '2 meters'),
(466, 378, 'Povidone iodine 10%', '240 ml'),
(467, 379, '100% Hydrofile', '70gr'),
(468, 380, 'Quantity per package', '10'),
(469, 380, 'Packages', '2'),
(470, 381, 'piece', '10 pieces'),
(471, 381, '', ''),
(472, 381, '', ''),
(473, 382, 'pank', '10 packs'),
(474, 383, 'packet of pills', '20 pills'),
(475, 384, 'packet of pills', '20 pills'),
(476, 327, 'pieces', '1'),
(477, 327, '', ''),
(478, 385, 'volume', '500ml'),
(479, 307, 'rolls', '1 roll'),
(480, 307, '', ''),
(481, 386, 'volume', '100ml'),
(482, 296, 'packet', '1 packet'),
(483, 387, 'pills', '10 pills'),
(484, 388, '', ''),
(485, 389, 'weight', '105g'),
(486, 390, '', ''),
(487, 391, '6 pack', ''),
(488, 392, '1', ''),
(489, 393, '1', ''),
(490, 295, '', ''),
(491, 394, 'weight', '45g'),
(492, 395, 'pcs', '18'),
(493, 396, 'weight', '100'),
(494, 397, 'weight', '100'),
(495, 398, 'weight', '100'),
(496, 399, 'weight', '200g'),
(497, 295, '', ''),
(498, 400, 'volume', '200g'),
(499, 400, '', ''),
(500, 401, 'Potency', 'High'),
(501, 402, '', ''),
(502, 403, '1', ''),
(503, 403, '', ''),
(504, 404, '', '12'),
(505, 405, '', ''),
(506, 405, '', ''),
(507, 406, '', '2'),
(508, 407, 'ml', '500'),
(509, 408, '', '2'),
(510, 409, '', '10'),
(511, 410, '', '20'),
(512, 411, '', '5'),
(513, 412, '', '5'),
(514, 413, 'grams', '1000'),
(515, 414, 'grams', '500'),
(516, 415, 'pair', '10'),
(517, 416, 'grams', '1000'),
(518, 417, 'grams', '500'),
(519, 418, 'grams', '1000'),
(520, 419, 'grams', '500'),
(521, 420, 'grams', '1000'),
(522, 421, '', '7'),
(523, 422, 'grams', '500'),
(524, 423, '', '5'),
(525, 424, '', '10'),
(526, 425, '', '5'),
(527, 426, '', '5'),
(528, 427, '', '5'),
(529, 428, '', '2'),
(530, 429, '', '3'),
(531, 430, '', ''),
(532, 431, '', '6'),
(533, 432, '', '10'),
(534, 433, '10', '600ml'),
(535, 433, '', ''),
(536, 434, '67', '1000mg'),
(537, 435, '10', '330ml'),
(538, 436, '22', '330'),
(539, 437, '31', '500ml'),
(540, 438, '40', '330ml'),
(541, 439, '23', '500ml'),
(542, 440, '15', '500ml'),
(543, 441, '16', 'Mini'),
(544, 442, '5', 'Medium'),
(545, 442, '6', 'Large'),
(546, 442, '10', 'Small'),
(547, 442, '2', 'XL'),
(548, 295, '', ''),
(549, 430, '10', '500mg'),
(550, 430, '', ''),
(551, 443, '20', ''),
(552, 443, '', ''),
(553, 444, '5', '1.5kg'),
(554, 307, '20', '200g'),
(555, 307, '', ''),
(556, 411, '30', ''),
(557, 445, '30', '500g'),
(558, 446, '20', ''),
(559, 447, 'volume', '500ml'),
(560, 448, 'quantity', '100'),
(561, 449, 'iphone', '200'),
(562, 450, '', ''),
(563, 451, '', ''),
(564, 452, 'band', 'UHF/VHF'),
(565, 452, 'Wi-Fi', '2,4/5,0 GHz'),
(566, 452, 'Bluetooth', '5.2'),
(567, 452, 'Οθόνη', '2,4” 320 x 240 px. QVGA'),
(568, 452, 'διάρκεια ζωής της μπαταρίας', '28 ώρες'),
(569, 453, 'Frequency', '140-150Mhz'),
(570, 453, 'Power Supply', '13VDC /- 1V 40A'),
(571, 453, 'Output RF Power (Nominal)', '30 – 210W ; 230W max AM/FM/CW'),
(572, 453, 'Modulation Types', 'SSB,CW,AM, FM, data etc (All narrowband modes)'),
(573, 454, 'PART NUMBER', 'C14Y016X016-T'),
(574, 454, 'CONTRACTOR NAME:', 'CELINA Tent, Inc'),
(575, 454, 'COLOR', 'Tan'),
(576, 454, 'SET-UP TIME/NUMBER OF PERSONS', '4 People/30 Minutes'),
(577, 455, 'dimensions', ' 20’x32.5’'),
(578, 455, 'TYPE', 'Frame Structure, Expandable, Air-Transportable'),
(579, 455, 'WEIGHT', '1,200 lbs'),
(580, 456, 'TYPE', 'Frame Structure, Expandable, Air- Transportable'),
(581, 456, 'DIMENSIONS', 'E I-40’x80’'),
(582, 456, 'WEIGHT', '24,000 lbs'),
(583, 457, '', ''),
(584, 458, '', ''),
(585, 459, '', ''),
(586, 295, '', ''),
(587, 460, 'weight', '1k'),
(588, 461, 'weight', '1k'),
(589, 462, '', ''),
(590, 370, '', ''),
(591, 463, '', ''),
(592, 333, '', ''),
(593, 329, '', ''),
(594, 464, '', ''),
(595, 465, '', ''),
(596, 466, '', ''),
(597, 467, '', ''),
(598, 468, 'size', '1.90X60'),
(599, 469, 'light', 'blue'),
(600, 470, 'pack', '60'),
(601, 471, 'Volts', '208'),
(602, 472, 'material', 'plastic'),
(603, 473, 'Type', 'Digital'),
(604, 474, 'Material', 'Paper'),
(605, 475, 'Type', 'Waterproof'),
(606, 476, '1', '1'),
(607, 476, '', ''),
(608, 477, '', '5'),
(609, 478, '', '10'),
(610, 479, '', ''),
(611, 480, '6', '1500ml'),
(612, 481, '2', '80g'),
(613, 482, '3', '100g'),
(614, 483, '1', '800g'),
(615, 484, '1', ''),
(616, 485, '', ''),
(617, 486, '', ''),
(618, 487, '', ''),
(619, 488, '', ''),
(620, 489, '', ''),
(621, 490, '', ''),
(622, 491, '', ''),
(623, 492, 'AAA', '5'),
(624, 493, '', ''),
(625, 494, '1', '200ml'),
(626, 495, '', ''),
(627, 496, '', ''),
(628, 497, '', ''),
(629, 498, '', ''),
(630, 499, '', ''),
(631, 500, '', ''),
(632, 501, '', ''),
(633, 502, '', ''),
(634, 503, '', ''),
(635, 504, '', ''),
(636, 505, '', ''),
(637, 295, '', ''),
(638, 506, 'pages', '230'),
(639, 358, '', '1kg'),
(640, 507, '', ''),
(641, 302, '', ''),
(642, 508, 'galons', '20'),
(643, 509, 'quantity', '5'),
(644, 510, '', ''),
(645, 511, 'test item ', '1kg'),
(646, 512, 'volume', '500ml'),
(647, 512, '', ''),
(648, 513, 'pills', '60 pills'),
(649, 295, '', ''),
(650, 295, '', ''),
(651, 514, '', ''),
(652, 514, '', ''),
(653, 515, '', ''),
(654, 516, '', ''),
(655, 517, '', ''),
(656, 518, '', ''),
(657, 295, '', ''),
(658, 295, '', ''),
(659, 519, 'volume', '700ml'),
(660, 520, 'pages', '654'),
(661, 521, 'mg', '100'),
(662, 522, 'mg', '5mg'),
(663, 523, 'mg', '16'),
(664, 524, 'size', '42'),
(665, 525, 'Volume', '2L'),
(671, 284, 'volume', '1.5l'),
(672, 284, 'pack size', '6'),
(673, 285, 'volume', '250ml'),
(674, 285, 'pack size', '12'),
(675, 286, 'brand', 'Trata'),
(676, 286, 'weight', '200g'),
(677, 287, 'weight', '500g'),
(678, 288, 'weight', '1kg'),
(679, 288, 'type', 'white'),
(680, 289, 'weight', '100g'),
(681, 289, 'type', 'milk chocolate'),
(682, 289, 'brand', 'ION'),
(683, 290, 'size', '44'),
(684, 291, 'weight', '500g'),
(685, 291, 'pack size', '12'),
(686, 291, 'expiry date', '13/12/1978'),
(687, 292, 'Details', '600ml'),
(688, 293, 'grams', '500'),
(689, 294, 'calories', '200'),
(690, 295, '', ''),
(691, 296, '', ''),
(692, 297, '', '25 pcs'),
(693, 298, '', '100 pcs'),
(694, 299, '', ''),
(695, 300, '', '250ml'),
(696, 301, '', ''),
(697, 302, 'volume', '200mg'),
(698, 303, 'size', '50\" x 60\"'),
(699, 304, '', ''),
(700, 305, 'stock', '500'),
(701, 305, 'size', '3'),
(702, 305, '', ''),
(703, 306, 'stock', '500'),
(704, 306, 'size', 'regular'),
(705, 307, 'stock', '300'),
(706, 307, 'ply', '3'),
(707, 308, 'volume', '500gr'),
(708, 308, 'stock ', '500'),
(709, 308, 'scent', 'aloe'),
(710, 309, 'stock', '500'),
(711, 310, 'stock', '250'),
(712, 311, 'stock', '200'),
(713, 312, 'stock', '200'),
(714, 313, 'stock', '2000'),
(715, 313, 'dosage', '500mg'),
(716, 314, 'stock ', '10'),
(717, 314, 'dosage', '200mg'),
(718, 295, '', ''),
(719, 295, '', ''),
(720, 295, '', ''),
(721, 295, '', ''),
(722, 295, '', ''),
(723, 315, '', ''),
(724, 316, '', ''),
(725, 317, '', ''),
(726, 318, '', ''),
(727, 319, '', ''),
(728, 320, '', ''),
(729, 321, '', ''),
(730, 322, '', ''),
(731, 323, '', ''),
(732, 324, '', ''),
(733, 325, '', ''),
(734, 326, '', ''),
(735, 327, '', ''),
(736, 328, '', ''),
(737, 329, '', ''),
(738, 330, '', ''),
(739, 331, '', ''),
(740, 332, '', ''),
(741, 333, '', ''),
(742, 334, '', ''),
(743, 335, '', ''),
(744, 336, '', ''),
(745, 337, '', ''),
(746, 338, '', ''),
(747, 339, '', ''),
(748, 340, '', ''),
(749, 295, '', ''),
(750, 295, '', ''),
(751, 295, '', ''),
(752, 295, '', ''),
(753, 295, '', ''),
(754, 295, '', ''),
(755, 295, '', ''),
(756, 295, '', ''),
(757, 295, '', ''),
(758, 295, '', ''),
(759, 295, 'ghw56', 'twhwhrwh'),
(760, 295, '', ''),
(761, 341, 'wtwty', 'wytwty'),
(762, 284, '', ''),
(763, 342, 'Volume', '500ml'),
(764, 343, 'volume', '75ml'),
(765, 344, 'duration', '7 hours'),
(766, 345, 'volume', '250ml'),
(767, 346, 'material', 'silicone'),
(768, 347, 'weight', '400gr'),
(769, 348, 'weight', '23,5gr'),
(770, 349, 'Number of different tools', '3'),
(771, 349, 'Tool', 'Spoon'),
(772, 349, 'Tool', 'Spoon'),
(773, 349, 'Tool', 'Spoon'),
(774, 350, 'Basic Ingredients', 'Iodine'),
(775, 350, 'Suggested for', 'Everyone expept pregnant women'),
(776, 351, 'Power', 'Batteries'),
(777, 351, 'Frequencies Range', '3 kHz - 3000 GHz'),
(778, 352, '', '(scrubbers, rubber gloves, kitchen detergent, laundry soap)'),
(779, 353, '', ''),
(780, 354, '', ''),
(781, 355, '', ''),
(782, 356, '', ''),
(783, 357, 'volume', '500ml'),
(784, 358, 'volume', '500g'),
(785, 359, 'volume', '500g'),
(786, 360, '', ''),
(787, 361, 'volume', '500ml'),
(788, 362, 'volume', '20pieces'),
(789, 363, 'size', 'XL'),
(790, 364, '', ''),
(791, 365, '', ''),
(792, 366, '', ''),
(793, 367, '', ''),
(794, 368, '', ''),
(795, 309, '', ''),
(796, 310, '', ''),
(797, 369, '', ''),
(798, 370, '', ''),
(799, 288, '', ''),
(800, 371, '', ''),
(801, 372, '', ''),
(802, 373, '', ''),
(803, 374, '', ''),
(804, 374, '', ''),
(805, 328, '', ''),
(806, 295, '', ''),
(807, 375, 'Νο 46', ''),
(808, 376, '', ''),
(809, 377, 'Adhesive', '2 meters'),
(810, 378, 'Povidone iodine 10%', '240 ml'),
(811, 379, '100% Hydrofile', '70gr'),
(812, 380, 'Quantity per package', '10'),
(813, 380, 'Packages', '2'),
(814, 381, 'piece', '10 pieces'),
(815, 381, '', ''),
(816, 381, '', ''),
(817, 382, 'pank', '10 packs'),
(818, 383, 'packet of pills', '20 pills'),
(819, 384, 'packet of pills', '20 pills'),
(820, 327, 'pieces', '1'),
(821, 327, '', ''),
(822, 385, 'volume', '500ml'),
(823, 307, 'rolls', '1 roll'),
(824, 307, '', ''),
(825, 386, 'volume', '100ml'),
(826, 296, 'packet', '1 packet'),
(827, 387, 'pills', '10 pills'),
(828, 388, '', ''),
(829, 389, 'weight', '105g'),
(830, 390, '', ''),
(831, 391, '6 pack', ''),
(832, 392, '1', ''),
(833, 393, '1', ''),
(834, 295, '', ''),
(835, 394, 'weight', '45g'),
(836, 395, 'pcs', '18'),
(837, 396, 'weight', '100'),
(838, 397, 'weight', '100'),
(839, 398, 'weight', '100'),
(840, 399, 'weight', '200g'),
(841, 295, '', ''),
(842, 400, 'volume', '200g'),
(843, 400, '', ''),
(844, 401, 'Potency', 'High'),
(845, 402, '', ''),
(846, 403, '1', ''),
(847, 403, '', ''),
(848, 404, '', '12'),
(849, 405, '', ''),
(850, 405, '', ''),
(851, 406, '', '2'),
(852, 407, 'ml', '500'),
(853, 408, '', '2'),
(854, 409, '', '10'),
(855, 410, '', '20'),
(856, 411, '', '5'),
(857, 412, '', '5'),
(858, 413, 'grams', '1000'),
(859, 414, 'grams', '500'),
(860, 415, 'pair', '10'),
(861, 416, 'grams', '1000'),
(862, 417, 'grams', '500'),
(863, 418, 'grams', '1000'),
(864, 419, 'grams', '500'),
(865, 420, 'grams', '1000'),
(866, 421, '', '7'),
(867, 422, 'grams', '500'),
(868, 423, '', '5'),
(869, 424, '', '10'),
(870, 425, '', '5'),
(871, 426, '', '5'),
(872, 427, '', '5'),
(873, 428, '', '2'),
(874, 429, '', '3'),
(875, 430, '', ''),
(876, 431, '', '6'),
(877, 432, '', '10'),
(878, 433, '10', '600ml'),
(879, 433, '', ''),
(880, 434, '67', '1000mg'),
(881, 435, '10', '330ml'),
(882, 436, '22', '330'),
(883, 437, '31', '500ml'),
(884, 438, '40', '330ml'),
(885, 439, '23', '500ml'),
(886, 440, '15', '500ml'),
(887, 441, '16', 'Mini'),
(888, 442, '5', 'Medium'),
(889, 442, '6', 'Large'),
(890, 442, '10', 'Small'),
(891, 442, '2', 'XL'),
(892, 295, '', ''),
(893, 430, '10', '500mg'),
(894, 430, '', ''),
(895, 443, '20', ''),
(896, 443, '', ''),
(897, 444, '5', '1.5kg'),
(898, 307, '20', '200g'),
(899, 307, '', ''),
(900, 411, '30', ''),
(901, 445, '30', '500g'),
(902, 446, '20', ''),
(903, 447, 'volume', '500ml'),
(904, 448, 'quantity', '100'),
(905, 449, 'iphone', '200'),
(906, 450, '', ''),
(907, 451, '', ''),
(908, 452, 'band', 'UHF/VHF'),
(909, 452, 'Wi-Fi', '2,4/5,0 GHz'),
(910, 452, 'Bluetooth', '5.2'),
(911, 452, 'Οθόνη', '2,4” 320 x 240 px. QVGA'),
(912, 452, 'διάρκεια ζωής της μπαταρίας', '28 ώρες'),
(913, 453, 'Frequency', '140-150Mhz'),
(914, 453, 'Power Supply', '13VDC /- 1V 40A'),
(915, 453, 'Output RF Power (Nominal)', '30 – 210W ; 230W max AM/FM/CW'),
(916, 453, 'Modulation Types', 'SSB,CW,AM, FM, data etc (All narrowband modes)'),
(917, 454, 'PART NUMBER', 'C14Y016X016-T'),
(918, 454, 'CONTRACTOR NAME:', 'CELINA Tent, Inc'),
(919, 454, 'COLOR', 'Tan'),
(920, 454, 'SET-UP TIME/NUMBER OF PERSONS', '4 People/30 Minutes'),
(921, 455, 'dimensions', ' 20’x32.5’'),
(922, 455, 'TYPE', 'Frame Structure, Expandable, Air-Transportable'),
(923, 455, 'WEIGHT', '1,200 lbs'),
(924, 456, 'TYPE', 'Frame Structure, Expandable, Air- Transportable'),
(925, 456, 'DIMENSIONS', 'E I-40’x80’'),
(926, 456, 'WEIGHT', '24,000 lbs'),
(927, 457, '', ''),
(928, 458, '', ''),
(929, 459, '', ''),
(930, 295, '', ''),
(931, 460, 'weight', '1k'),
(932, 461, 'weight', '1k'),
(933, 462, '', ''),
(934, 370, '', ''),
(935, 463, '', ''),
(936, 333, '', ''),
(937, 329, '', ''),
(938, 464, '', ''),
(939, 465, '', ''),
(940, 466, '', ''),
(941, 467, '', ''),
(942, 468, 'size', '1.90X60'),
(943, 469, 'light', 'blue'),
(944, 470, 'pack', '60'),
(945, 471, 'Volts', '208'),
(946, 472, 'material', 'plastic'),
(947, 473, 'Type', 'Digital'),
(948, 474, 'Material', 'Paper'),
(949, 475, 'Type', 'Waterproof'),
(950, 476, '1', '1'),
(951, 476, '', ''),
(952, 477, '', '5'),
(953, 478, '', '10'),
(954, 479, '', ''),
(955, 480, '6', '1500ml'),
(956, 481, '2', '80g'),
(957, 482, '3', '100g'),
(958, 483, '1', '800g'),
(959, 484, '1', ''),
(960, 485, '', ''),
(961, 486, '', ''),
(962, 487, '', ''),
(963, 488, '', ''),
(964, 489, '', ''),
(965, 490, '', ''),
(966, 491, '', ''),
(967, 492, 'AAA', '5'),
(968, 493, '', ''),
(969, 494, '1', '200ml'),
(970, 495, '', ''),
(971, 496, '', ''),
(972, 497, '', ''),
(973, 498, '', ''),
(974, 499, '', ''),
(975, 500, '', ''),
(976, 501, '', ''),
(977, 502, '', ''),
(978, 503, '', ''),
(979, 504, '', ''),
(980, 505, '', ''),
(981, 295, '', ''),
(982, 506, 'pages', '230'),
(983, 358, '', '1kg'),
(984, 507, '', ''),
(985, 302, '', ''),
(986, 508, 'galons', '20'),
(987, 509, 'quantity', '5'),
(988, 510, '', ''),
(989, 511, 'test item ', '1kg'),
(990, 512, 'volume', '500ml'),
(991, 512, '', ''),
(992, 513, 'pills', '60 pills'),
(993, 295, '', ''),
(994, 295, '', ''),
(995, 514, '', ''),
(996, 514, '', ''),
(997, 515, '', ''),
(998, 516, '', ''),
(999, 517, '', ''),
(1000, 518, '', ''),
(1001, 295, '', ''),
(1002, 295, '', ''),
(1003, 519, 'volume', '700ml'),
(1004, 520, 'pages', '654'),
(1005, 521, 'mg', '100'),
(1006, 522, 'mg', '5mg'),
(1007, 523, 'mg', '16'),
(1008, 524, 'size', '42'),
(1009, 525, 'Volume', '2L'),
(1016, 284, 'volume', '1.5l'),
(1017, 284, 'pack size', '6'),
(1018, 285, 'volume', '250ml'),
(1019, 285, 'pack size', '12'),
(1020, 286, 'brand', 'Trata'),
(1021, 286, 'weight', '200g'),
(1022, 287, 'weight', '500g'),
(1023, 288, 'weight', '1kg'),
(1024, 288, 'type', 'white'),
(1025, 289, 'weight', '100g'),
(1026, 289, 'type', 'milk chocolate'),
(1027, 289, 'brand', 'ION'),
(1028, 290, 'size', '44'),
(1029, 291, 'weight', '500g'),
(1030, 291, 'pack size', '12'),
(1031, 291, 'expiry date', '13/12/1978'),
(1032, 292, 'Details', '600ml'),
(1033, 293, 'grams', '500'),
(1034, 294, 'calories', '200'),
(1035, 295, '', ''),
(1036, 296, '', ''),
(1037, 297, '', '25 pcs'),
(1038, 298, '', '100 pcs'),
(1039, 299, '', ''),
(1040, 300, '', '250ml'),
(1041, 301, '', ''),
(1042, 302, 'volume', '200mg'),
(1043, 303, 'size', '50\" x 60\"'),
(1044, 304, '', ''),
(1045, 305, 'stock', '500'),
(1046, 305, 'size', '3'),
(1047, 305, '', ''),
(1048, 306, 'stock', '500'),
(1049, 306, 'size', 'regular'),
(1050, 307, 'stock', '300'),
(1051, 307, 'ply', '3'),
(1052, 308, 'volume', '500gr'),
(1053, 308, 'stock ', '500'),
(1054, 308, 'scent', 'aloe'),
(1055, 309, 'stock', '500'),
(1056, 310, 'stock', '250'),
(1057, 311, 'stock', '200'),
(1058, 312, 'stock', '200'),
(1059, 313, 'stock', '2000'),
(1060, 313, 'dosage', '500mg'),
(1061, 314, 'stock ', '10'),
(1062, 314, 'dosage', '200mg'),
(1063, 295, '', ''),
(1064, 295, '', ''),
(1065, 295, '', ''),
(1066, 295, '', ''),
(1067, 295, '', ''),
(1068, 315, '', ''),
(1069, 316, '', ''),
(1070, 317, '', ''),
(1071, 318, '', ''),
(1072, 319, '', ''),
(1073, 320, '', ''),
(1074, 321, '', ''),
(1075, 322, '', ''),
(1076, 323, '', ''),
(1077, 324, '', ''),
(1078, 325, '', ''),
(1079, 326, '', ''),
(1080, 327, '', ''),
(1081, 328, '', ''),
(1082, 329, '', ''),
(1083, 330, '', ''),
(1084, 331, '', ''),
(1085, 332, '', ''),
(1086, 333, '', ''),
(1087, 334, '', ''),
(1088, 335, '', ''),
(1089, 336, '', ''),
(1090, 337, '', ''),
(1091, 338, '', ''),
(1092, 339, '', ''),
(1093, 340, '', ''),
(1094, 295, '', ''),
(1095, 295, '', ''),
(1096, 295, '', ''),
(1097, 295, '', ''),
(1098, 295, '', ''),
(1099, 295, '', ''),
(1100, 295, '', ''),
(1101, 295, '', ''),
(1102, 295, '', ''),
(1103, 295, '', ''),
(1104, 295, 'ghw56', 'twhwhrwh'),
(1105, 295, '', ''),
(1106, 341, 'wtwty', 'wytwty'),
(1107, 284, '', ''),
(1108, 342, 'Volume', '500ml'),
(1109, 343, 'volume', '75ml'),
(1110, 344, 'duration', '7 hours'),
(1111, 345, 'volume', '250ml'),
(1112, 346, 'material', 'silicone'),
(1113, 347, 'weight', '400gr'),
(1114, 348, 'weight', '23,5gr'),
(1115, 349, 'Number of different tools', '3'),
(1116, 349, 'Tool', 'Spoon'),
(1117, 349, 'Tool', 'Spoon'),
(1118, 349, 'Tool', 'Spoon'),
(1119, 350, 'Basic Ingredients', 'Iodine'),
(1120, 350, 'Suggested for', 'Everyone expept pregnant women'),
(1121, 351, 'Power', 'Batteries'),
(1122, 351, 'Frequencies Range', '3 kHz - 3000 GHz'),
(1123, 352, '', '(scrubbers, rubber gloves, kitchen detergent, laundry soap)'),
(1124, 353, '', ''),
(1125, 354, '', ''),
(1126, 355, '', ''),
(1127, 356, '', ''),
(1128, 357, 'volume', '500ml'),
(1129, 358, 'volume', '500g'),
(1130, 359, 'volume', '500g'),
(1131, 360, '', ''),
(1132, 361, 'volume', '500ml'),
(1133, 362, 'volume', '20pieces'),
(1134, 363, 'size', 'XL'),
(1135, 364, '', ''),
(1136, 365, '', ''),
(1137, 366, '', ''),
(1138, 367, '', ''),
(1139, 368, '', ''),
(1140, 309, '', ''),
(1141, 310, '', ''),
(1142, 369, '', ''),
(1143, 370, '', ''),
(1144, 288, '', ''),
(1145, 371, '', ''),
(1146, 372, '', ''),
(1147, 373, '', ''),
(1148, 374, '', ''),
(1149, 374, '', ''),
(1150, 328, '', ''),
(1151, 295, '', ''),
(1152, 375, 'Νο 46', ''),
(1153, 376, '', ''),
(1154, 377, 'Adhesive', '2 meters'),
(1155, 378, 'Povidone iodine 10%', '240 ml'),
(1156, 379, '100% Hydrofile', '70gr'),
(1157, 380, 'Quantity per package', '10'),
(1158, 380, 'Packages', '2'),
(1159, 381, 'piece', '10 pieces'),
(1160, 381, '', ''),
(1161, 381, '', ''),
(1162, 382, 'pank', '10 packs'),
(1163, 383, 'packet of pills', '20 pills'),
(1164, 384, 'packet of pills', '20 pills'),
(1165, 327, 'pieces', '1'),
(1166, 327, '', ''),
(1167, 385, 'volume', '500ml'),
(1168, 307, 'rolls', '1 roll'),
(1169, 307, '', ''),
(1170, 386, 'volume', '100ml'),
(1171, 296, 'packet', '1 packet'),
(1172, 387, 'pills', '10 pills'),
(1173, 388, '', ''),
(1174, 389, 'weight', '105g'),
(1175, 390, '', ''),
(1176, 391, '6 pack', ''),
(1177, 392, '1', ''),
(1178, 393, '1', ''),
(1179, 295, '', ''),
(1180, 394, 'weight', '45g'),
(1181, 395, 'pcs', '18'),
(1182, 396, 'weight', '100'),
(1183, 397, 'weight', '100'),
(1184, 398, 'weight', '100'),
(1185, 399, 'weight', '200g'),
(1186, 295, '', ''),
(1187, 400, 'volume', '200g'),
(1188, 400, '', ''),
(1189, 401, 'Potency', 'High'),
(1190, 402, '', ''),
(1191, 403, '1', ''),
(1192, 403, '', ''),
(1193, 404, '', '12'),
(1194, 405, '', ''),
(1195, 405, '', ''),
(1196, 406, '', '2'),
(1197, 407, 'ml', '500'),
(1198, 408, '', '2'),
(1199, 409, '', '10'),
(1200, 410, '', '20'),
(1201, 411, '', '5'),
(1202, 412, '', '5'),
(1203, 413, 'grams', '1000'),
(1204, 414, 'grams', '500'),
(1205, 415, 'pair', '10'),
(1206, 416, 'grams', '1000'),
(1207, 417, 'grams', '500'),
(1208, 418, 'grams', '1000'),
(1209, 419, 'grams', '500'),
(1210, 420, 'grams', '1000'),
(1211, 421, '', '7'),
(1212, 422, 'grams', '500'),
(1213, 423, '', '5'),
(1214, 424, '', '10'),
(1215, 425, '', '5'),
(1216, 426, '', '5'),
(1217, 427, '', '5'),
(1218, 428, '', '2'),
(1219, 429, '', '3'),
(1220, 430, '', ''),
(1221, 431, '', '6'),
(1222, 432, '', '10'),
(1223, 433, '10', '600ml'),
(1224, 433, '', ''),
(1225, 434, '67', '1000mg'),
(1226, 435, '10', '330ml'),
(1227, 436, '22', '330'),
(1228, 437, '31', '500ml'),
(1229, 438, '40', '330ml'),
(1230, 439, '23', '500ml'),
(1231, 440, '15', '500ml'),
(1232, 441, '16', 'Mini'),
(1233, 442, '5', 'Medium'),
(1234, 442, '6', 'Large'),
(1235, 442, '10', 'Small'),
(1236, 442, '2', 'XL'),
(1237, 295, '', ''),
(1238, 430, '10', '500mg'),
(1239, 430, '', ''),
(1240, 443, '20', ''),
(1241, 443, '', ''),
(1242, 444, '5', '1.5kg'),
(1243, 307, '20', '200g'),
(1244, 307, '', ''),
(1245, 411, '30', ''),
(1246, 445, '30', '500g'),
(1247, 446, '20', ''),
(1248, 447, 'volume', '500ml'),
(1249, 448, 'quantity', '100'),
(1250, 449, 'iphone', '200'),
(1251, 450, '', ''),
(1252, 451, '', ''),
(1253, 452, 'band', 'UHF/VHF'),
(1254, 452, 'Wi-Fi', '2,4/5,0 GHz'),
(1255, 452, 'Bluetooth', '5.2'),
(1256, 452, 'Οθόνη', '2,4” 320 x 240 px. QVGA'),
(1257, 452, 'διάρκεια ζωής της μπαταρίας', '28 ώρες'),
(1258, 453, 'Frequency', '140-150Mhz'),
(1259, 453, 'Power Supply', '13VDC /- 1V 40A'),
(1260, 453, 'Output RF Power (Nominal)', '30 – 210W ; 230W max AM/FM/CW'),
(1261, 453, 'Modulation Types', 'SSB,CW,AM, FM, data etc (All narrowband modes)'),
(1262, 454, 'PART NUMBER', 'C14Y016X016-T'),
(1263, 454, 'CONTRACTOR NAME:', 'CELINA Tent, Inc'),
(1264, 454, 'COLOR', 'Tan'),
(1265, 454, 'SET-UP TIME/NUMBER OF PERSONS', '4 People/30 Minutes'),
(1266, 455, 'dimensions', ' 20’x32.5’'),
(1267, 455, 'TYPE', 'Frame Structure, Expandable, Air-Transportable'),
(1268, 455, 'WEIGHT', '1,200 lbs'),
(1269, 456, 'TYPE', 'Frame Structure, Expandable, Air- Transportable'),
(1270, 456, 'DIMENSIONS', 'E I-40’x80’'),
(1271, 456, 'WEIGHT', '24,000 lbs'),
(1272, 457, '', ''),
(1273, 458, '', ''),
(1274, 459, '', ''),
(1275, 295, '', ''),
(1276, 460, 'weight', '1k'),
(1277, 461, 'weight', '1k'),
(1278, 462, '', ''),
(1279, 370, '', ''),
(1280, 463, '', ''),
(1281, 333, '', ''),
(1282, 329, '', ''),
(1283, 464, '', ''),
(1284, 465, '', ''),
(1285, 466, '', ''),
(1286, 467, '', ''),
(1287, 468, 'size', '1.90X60'),
(1288, 469, 'light', 'blue'),
(1289, 470, 'pack', '60'),
(1290, 471, 'Volts', '208'),
(1291, 472, 'material', 'plastic'),
(1292, 473, 'Type', 'Digital'),
(1293, 474, 'Material', 'Paper'),
(1294, 475, 'Type', 'Waterproof'),
(1295, 476, '1', '1'),
(1296, 476, '', ''),
(1297, 477, '', '5'),
(1298, 478, '', '10'),
(1299, 479, '', ''),
(1300, 480, '6', '1500ml'),
(1301, 481, '2', '80g'),
(1302, 482, '3', '100g'),
(1303, 483, '1', '800g'),
(1304, 484, '1', ''),
(1305, 485, '', ''),
(1306, 486, '', ''),
(1307, 487, '', ''),
(1308, 488, '', ''),
(1309, 489, '', ''),
(1310, 490, '', ''),
(1311, 491, '', ''),
(1312, 492, 'AAA', '5'),
(1313, 493, '', ''),
(1314, 494, '1', '200ml'),
(1315, 495, '', ''),
(1316, 496, '', ''),
(1317, 497, '', ''),
(1318, 498, '', ''),
(1319, 499, '', ''),
(1320, 500, '', ''),
(1321, 501, '', ''),
(1322, 502, '', ''),
(1323, 503, '', ''),
(1324, 504, '', ''),
(1325, 505, '', ''),
(1326, 295, '', ''),
(1327, 506, 'pages', '230'),
(1328, 358, '', '1kg'),
(1329, 507, '', ''),
(1330, 302, '', ''),
(1331, 508, 'galons', '20'),
(1332, 509, 'quantity', '5'),
(1333, 510, '', ''),
(1334, 511, 'test item ', '1kg'),
(1335, 512, 'volume', '500ml'),
(1336, 512, '', ''),
(1337, 513, 'pills', '60 pills'),
(1338, 295, '', ''),
(1339, 295, '', ''),
(1340, 514, '', ''),
(1341, 514, '', ''),
(1342, 515, '', ''),
(1343, 516, '', ''),
(1344, 517, '', ''),
(1345, 518, '', ''),
(1346, 295, '', ''),
(1347, 295, '', ''),
(1348, 519, 'volume', '700ml'),
(1349, 520, 'pages', '654'),
(1350, 521, 'mg', '100'),
(1351, 522, 'mg', '5mg'),
(1352, 523, 'mg', '16'),
(1353, 524, 'size', '42'),
(1354, 525, 'Volume', '2L'),
(1361, 284, 'volume', '1.5l'),
(1362, 284, 'pack size', '6'),
(1363, 285, 'volume', '250ml'),
(1364, 285, 'pack size', '12'),
(1365, 286, 'brand', 'Trata'),
(1366, 286, 'weight', '200g'),
(1367, 287, 'weight', '500g'),
(1368, 288, 'weight', '1kg'),
(1369, 288, 'type', 'white'),
(1370, 289, 'weight', '100g'),
(1371, 289, 'type', 'milk chocolate'),
(1372, 289, 'brand', 'ION'),
(1373, 290, 'size', '44'),
(1374, 291, 'weight', '500g'),
(1375, 291, 'pack size', '12'),
(1376, 291, 'expiry date', '13/12/1978'),
(1377, 292, 'Details', '600ml'),
(1378, 293, 'grams', '500'),
(1379, 294, 'calories', '200'),
(1380, 295, '', ''),
(1381, 296, '', ''),
(1382, 297, '', '25 pcs'),
(1383, 298, '', '100 pcs'),
(1384, 299, '', ''),
(1385, 300, '', '250ml'),
(1386, 301, '', ''),
(1387, 302, 'volume', '200mg'),
(1388, 303, 'size', '50\" x 60\"'),
(1389, 304, '', ''),
(1390, 305, 'stock', '500'),
(1391, 305, 'size', '3'),
(1392, 305, '', ''),
(1393, 306, 'stock', '500'),
(1394, 306, 'size', 'regular'),
(1395, 307, 'stock', '300'),
(1396, 307, 'ply', '3'),
(1397, 308, 'volume', '500gr'),
(1398, 308, 'stock ', '500'),
(1399, 308, 'scent', 'aloe'),
(1400, 309, 'stock', '500'),
(1401, 310, 'stock', '250'),
(1402, 311, 'stock', '200'),
(1403, 312, 'stock', '200'),
(1404, 313, 'stock', '2000'),
(1405, 313, 'dosage', '500mg'),
(1406, 314, 'stock ', '10'),
(1407, 314, 'dosage', '200mg'),
(1408, 295, '', ''),
(1409, 295, '', ''),
(1410, 295, '', ''),
(1411, 295, '', ''),
(1412, 295, '', ''),
(1413, 315, '', ''),
(1414, 316, '', ''),
(1415, 317, '', ''),
(1416, 318, '', ''),
(1417, 319, '', ''),
(1418, 320, '', ''),
(1419, 321, '', ''),
(1420, 322, '', ''),
(1421, 323, '', ''),
(1422, 324, '', ''),
(1423, 325, '', ''),
(1424, 326, '', ''),
(1425, 327, '', ''),
(1426, 328, '', ''),
(1427, 329, '', ''),
(1428, 330, '', ''),
(1429, 331, '', ''),
(1430, 332, '', ''),
(1431, 333, '', ''),
(1432, 334, '', ''),
(1433, 335, '', ''),
(1434, 336, '', ''),
(1435, 337, '', ''),
(1436, 338, '', ''),
(1437, 339, '', ''),
(1438, 340, '', ''),
(1439, 295, '', ''),
(1440, 295, '', ''),
(1441, 295, '', ''),
(1442, 295, '', ''),
(1443, 295, '', ''),
(1444, 295, '', ''),
(1445, 295, '', ''),
(1446, 295, '', ''),
(1447, 295, '', ''),
(1448, 295, '', ''),
(1449, 295, 'ghw56', 'twhwhrwh'),
(1450, 295, '', ''),
(1451, 341, 'wtwty', 'wytwty'),
(1452, 284, '', ''),
(1453, 342, 'Volume', '500ml'),
(1454, 343, 'volume', '75ml'),
(1455, 344, 'duration', '7 hours'),
(1456, 345, 'volume', '250ml'),
(1457, 346, 'material', 'silicone'),
(1458, 347, 'weight', '400gr'),
(1459, 348, 'weight', '23,5gr'),
(1460, 349, 'Number of different tools', '3'),
(1461, 349, 'Tool', 'Spoon'),
(1462, 349, 'Tool', 'Spoon'),
(1463, 349, 'Tool', 'Spoon'),
(1464, 350, 'Basic Ingredients', 'Iodine'),
(1465, 350, 'Suggested for', 'Everyone expept pregnant women'),
(1466, 351, 'Power', 'Batteries'),
(1467, 351, 'Frequencies Range', '3 kHz - 3000 GHz'),
(1468, 352, '', '(scrubbers, rubber gloves, kitchen detergent, laundry soap)'),
(1469, 353, '', ''),
(1470, 354, '', ''),
(1471, 355, '', ''),
(1472, 356, '', ''),
(1473, 357, 'volume', '500ml'),
(1474, 358, 'volume', '500g'),
(1475, 359, 'volume', '500g'),
(1476, 360, '', ''),
(1477, 361, 'volume', '500ml'),
(1478, 362, 'volume', '20pieces'),
(1479, 363, 'size', 'XL'),
(1480, 364, '', ''),
(1481, 365, '', ''),
(1482, 366, '', ''),
(1483, 367, '', ''),
(1484, 368, '', ''),
(1485, 309, '', ''),
(1486, 310, '', ''),
(1487, 369, '', ''),
(1488, 370, '', ''),
(1489, 288, '', ''),
(1490, 371, '', ''),
(1491, 372, '', ''),
(1492, 373, '', ''),
(1493, 374, '', ''),
(1494, 374, '', ''),
(1495, 328, '', ''),
(1496, 295, '', ''),
(1497, 375, 'Νο 46', ''),
(1498, 376, '', ''),
(1499, 377, 'Adhesive', '2 meters'),
(1500, 378, 'Povidone iodine 10%', '240 ml'),
(1501, 379, '100% Hydrofile', '70gr'),
(1502, 380, 'Quantity per package', '10'),
(1503, 380, 'Packages', '2'),
(1504, 381, 'piece', '10 pieces'),
(1505, 381, '', ''),
(1506, 381, '', ''),
(1507, 382, 'pank', '10 packs'),
(1508, 383, 'packet of pills', '20 pills'),
(1509, 384, 'packet of pills', '20 pills'),
(1510, 327, 'pieces', '1'),
(1511, 327, '', ''),
(1512, 385, 'volume', '500ml'),
(1513, 307, 'rolls', '1 roll'),
(1514, 307, '', ''),
(1515, 386, 'volume', '100ml'),
(1516, 296, 'packet', '1 packet'),
(1517, 387, 'pills', '10 pills'),
(1518, 388, '', ''),
(1519, 389, 'weight', '105g'),
(1520, 390, '', ''),
(1521, 391, '6 pack', ''),
(1522, 392, '1', ''),
(1523, 393, '1', ''),
(1524, 295, '', ''),
(1525, 394, 'weight', '45g'),
(1526, 395, 'pcs', '18'),
(1527, 396, 'weight', '100'),
(1528, 397, 'weight', '100'),
(1529, 398, 'weight', '100'),
(1530, 399, 'weight', '200g'),
(1531, 295, '', ''),
(1532, 400, 'volume', '200g'),
(1533, 400, '', ''),
(1534, 401, 'Potency', 'High'),
(1535, 402, '', ''),
(1536, 403, '1', ''),
(1537, 403, '', ''),
(1538, 404, '', '12'),
(1539, 405, '', ''),
(1540, 405, '', ''),
(1541, 406, '', '2'),
(1542, 407, 'ml', '500'),
(1543, 408, '', '2'),
(1544, 409, '', '10'),
(1545, 410, '', '20'),
(1546, 411, '', '5'),
(1547, 412, '', '5'),
(1548, 413, 'grams', '1000'),
(1549, 414, 'grams', '500'),
(1550, 415, 'pair', '10'),
(1551, 416, 'grams', '1000'),
(1552, 417, 'grams', '500'),
(1553, 418, 'grams', '1000'),
(1554, 419, 'grams', '500'),
(1555, 420, 'grams', '1000'),
(1556, 421, '', '7'),
(1557, 422, 'grams', '500'),
(1558, 423, '', '5'),
(1559, 424, '', '10'),
(1560, 425, '', '5'),
(1561, 426, '', '5'),
(1562, 427, '', '5'),
(1563, 428, '', '2'),
(1564, 429, '', '3'),
(1565, 430, '', ''),
(1566, 431, '', '6'),
(1567, 432, '', '10'),
(1568, 433, '10', '600ml'),
(1569, 433, '', ''),
(1570, 434, '67', '1000mg'),
(1571, 435, '10', '330ml'),
(1572, 436, '22', '330'),
(1573, 437, '31', '500ml'),
(1574, 438, '40', '330ml'),
(1575, 439, '23', '500ml'),
(1576, 440, '15', '500ml'),
(1577, 441, '16', 'Mini'),
(1578, 442, '5', 'Medium'),
(1579, 442, '6', 'Large'),
(1580, 442, '10', 'Small'),
(1581, 442, '2', 'XL'),
(1582, 295, '', ''),
(1583, 430, '10', '500mg'),
(1584, 430, '', ''),
(1585, 443, '20', ''),
(1586, 443, '', ''),
(1587, 444, '5', '1.5kg'),
(1588, 307, '20', '200g'),
(1589, 307, '', ''),
(1590, 411, '30', ''),
(1591, 445, '30', '500g'),
(1592, 446, '20', ''),
(1593, 447, 'volume', '500ml'),
(1594, 448, 'quantity', '100'),
(1595, 449, 'iphone', '200'),
(1596, 450, '', ''),
(1597, 451, '', ''),
(1598, 452, 'band', 'UHF/VHF'),
(1599, 452, 'Wi-Fi', '2,4/5,0 GHz'),
(1600, 452, 'Bluetooth', '5.2'),
(1601, 452, 'Οθόνη', '2,4” 320 x 240 px. QVGA'),
(1602, 452, 'διάρκεια ζωής της μπαταρίας', '28 ώρες'),
(1603, 453, 'Frequency', '140-150Mhz'),
(1604, 453, 'Power Supply', '13VDC /- 1V 40A'),
(1605, 453, 'Output RF Power (Nominal)', '30 – 210W ; 230W max AM/FM/CW'),
(1606, 453, 'Modulation Types', 'SSB,CW,AM, FM, data etc (All narrowband modes)'),
(1607, 454, 'PART NUMBER', 'C14Y016X016-T'),
(1608, 454, 'CONTRACTOR NAME:', 'CELINA Tent, Inc'),
(1609, 454, 'COLOR', 'Tan'),
(1610, 454, 'SET-UP TIME/NUMBER OF PERSONS', '4 People/30 Minutes'),
(1611, 455, 'dimensions', ' 20’x32.5’'),
(1612, 455, 'TYPE', 'Frame Structure, Expandable, Air-Transportable'),
(1613, 455, 'WEIGHT', '1,200 lbs'),
(1614, 456, 'TYPE', 'Frame Structure, Expandable, Air- Transportable'),
(1615, 456, 'DIMENSIONS', 'E I-40’x80’'),
(1616, 456, 'WEIGHT', '24,000 lbs'),
(1617, 457, '', ''),
(1618, 458, '', ''),
(1619, 459, '', ''),
(1620, 295, '', ''),
(1621, 460, 'weight', '1k'),
(1622, 461, 'weight', '1k'),
(1623, 462, '', ''),
(1624, 370, '', ''),
(1625, 463, '', ''),
(1626, 333, '', ''),
(1627, 329, '', ''),
(1628, 464, '', ''),
(1629, 465, '', ''),
(1630, 466, '', ''),
(1631, 467, '', ''),
(1632, 468, 'size', '1.90X60'),
(1633, 469, 'light', 'blue'),
(1634, 470, 'pack', '60'),
(1635, 471, 'Volts', '208'),
(1636, 472, 'material', 'plastic'),
(1637, 473, 'Type', 'Digital'),
(1638, 474, 'Material', 'Paper'),
(1639, 475, 'Type', 'Waterproof'),
(1640, 476, '1', '1'),
(1641, 476, '', ''),
(1642, 477, '', '5'),
(1643, 478, '', '10'),
(1644, 479, '', ''),
(1645, 480, '6', '1500ml'),
(1646, 481, '2', '80g'),
(1647, 482, '3', '100g'),
(1648, 483, '1', '800g'),
(1649, 484, '1', ''),
(1650, 485, '', ''),
(1651, 486, '', ''),
(1652, 487, '', ''),
(1653, 488, '', ''),
(1654, 489, '', ''),
(1655, 490, '', ''),
(1656, 491, '', ''),
(1657, 492, 'AAA', '5'),
(1658, 493, '', ''),
(1659, 494, '1', '200ml'),
(1660, 495, '', ''),
(1661, 496, '', ''),
(1662, 497, '', ''),
(1663, 498, '', ''),
(1664, 499, '', ''),
(1665, 500, '', ''),
(1666, 501, '', ''),
(1667, 502, '', ''),
(1668, 503, '', ''),
(1669, 504, '', ''),
(1670, 505, '', ''),
(1671, 295, '', ''),
(1672, 506, 'pages', '230'),
(1673, 358, '', '1kg'),
(1674, 507, '', ''),
(1675, 302, '', ''),
(1676, 508, 'galons', '20'),
(1677, 509, 'quantity', '5'),
(1678, 510, '', ''),
(1679, 511, 'test item ', '1kg'),
(1680, 512, 'volume', '500ml'),
(1681, 512, '', ''),
(1682, 513, 'pills', '60 pills'),
(1683, 295, '', ''),
(1684, 295, '', ''),
(1685, 514, '', ''),
(1686, 514, '', ''),
(1687, 515, '', ''),
(1688, 516, '', ''),
(1689, 517, '', ''),
(1690, 518, '', ''),
(1691, 295, '', ''),
(1692, 295, '', ''),
(1693, 519, 'volume', '700ml'),
(1694, 520, 'pages', '654'),
(1695, 521, 'mg', '100'),
(1696, 522, 'mg', '5mg'),
(1697, 523, 'mg', '16'),
(1698, 524, 'size', '42'),
(1699, 525, 'Volume', '2L'),
(1706, 284, 'volume', '1.5l'),
(1707, 284, 'pack size', '6'),
(1708, 285, 'volume', '250ml'),
(1709, 285, 'pack size', '12'),
(1710, 286, 'brand', 'Trata'),
(1711, 286, 'weight', '200g'),
(1712, 287, 'weight', '500g'),
(1713, 288, 'weight', '1kg'),
(1714, 288, 'type', 'white'),
(1715, 289, 'weight', '100g'),
(1716, 289, 'type', 'milk chocolate'),
(1717, 289, 'brand', 'ION'),
(1718, 290, 'size', '44'),
(1719, 291, 'weight', '500g'),
(1720, 291, 'pack size', '12'),
(1721, 291, 'expiry date', '13/12/1978'),
(1722, 292, 'Details', '600ml'),
(1723, 293, 'grams', '500'),
(1724, 294, 'calories', '200'),
(1725, 295, '', ''),
(1726, 296, '', ''),
(1727, 297, '', '25 pcs'),
(1728, 298, '', '100 pcs'),
(1729, 299, '', ''),
(1730, 300, '', '250ml'),
(1731, 301, '', ''),
(1732, 302, 'volume', '200mg'),
(1733, 303, 'size', '50\" x 60\"'),
(1734, 304, '', ''),
(1735, 305, 'stock', '500'),
(1736, 305, 'size', '3'),
(1737, 305, '', ''),
(1738, 306, 'stock', '500'),
(1739, 306, 'size', 'regular'),
(1740, 307, 'stock', '300'),
(1741, 307, 'ply', '3'),
(1742, 308, 'volume', '500gr'),
(1743, 308, 'stock ', '500'),
(1744, 308, 'scent', 'aloe'),
(1745, 309, 'stock', '500'),
(1746, 310, 'stock', '250'),
(1747, 311, 'stock', '200'),
(1748, 312, 'stock', '200'),
(1749, 313, 'stock', '2000'),
(1750, 313, 'dosage', '500mg'),
(1751, 314, 'stock ', '10'),
(1752, 314, 'dosage', '200mg'),
(1753, 295, '', ''),
(1754, 295, '', ''),
(1755, 295, '', ''),
(1756, 295, '', ''),
(1757, 295, '', ''),
(1758, 315, '', ''),
(1759, 316, '', ''),
(1760, 317, '', ''),
(1761, 318, '', ''),
(1762, 319, '', ''),
(1763, 320, '', ''),
(1764, 321, '', ''),
(1765, 322, '', ''),
(1766, 323, '', ''),
(1767, 324, '', ''),
(1768, 325, '', ''),
(1769, 326, '', ''),
(1770, 327, '', ''),
(1771, 328, '', ''),
(1772, 329, '', ''),
(1773, 330, '', ''),
(1774, 331, '', ''),
(1775, 332, '', ''),
(1776, 333, '', ''),
(1777, 334, '', ''),
(1778, 335, '', ''),
(1779, 336, '', ''),
(1780, 337, '', ''),
(1781, 338, '', ''),
(1782, 339, '', ''),
(1783, 340, '', ''),
(1784, 295, '', ''),
(1785, 295, '', ''),
(1786, 295, '', ''),
(1787, 295, '', ''),
(1788, 295, '', ''),
(1789, 295, '', ''),
(1790, 295, '', ''),
(1791, 295, '', ''),
(1792, 295, '', ''),
(1793, 295, '', ''),
(1794, 295, 'ghw56', 'twhwhrwh'),
(1795, 295, '', ''),
(1796, 341, 'wtwty', 'wytwty'),
(1797, 284, '', ''),
(1798, 342, 'Volume', '500ml'),
(1799, 343, 'volume', '75ml'),
(1800, 344, 'duration', '7 hours'),
(1801, 345, 'volume', '250ml'),
(1802, 346, 'material', 'silicone'),
(1803, 347, 'weight', '400gr'),
(1804, 348, 'weight', '23,5gr'),
(1805, 349, 'Number of different tools', '3'),
(1806, 349, 'Tool', 'Spoon'),
(1807, 349, 'Tool', 'Spoon'),
(1808, 349, 'Tool', 'Spoon'),
(1809, 350, 'Basic Ingredients', 'Iodine'),
(1810, 350, 'Suggested for', 'Everyone expept pregnant women'),
(1811, 351, 'Power', 'Batteries'),
(1812, 351, 'Frequencies Range', '3 kHz - 3000 GHz'),
(1813, 352, '', '(scrubbers, rubber gloves, kitchen detergent, laundry soap)'),
(1814, 353, '', ''),
(1815, 354, '', ''),
(1816, 355, '', ''),
(1817, 356, '', ''),
(1818, 357, 'volume', '500ml'),
(1819, 358, 'volume', '500g'),
(1820, 359, 'volume', '500g'),
(1821, 360, '', ''),
(1822, 361, 'volume', '500ml'),
(1823, 362, 'volume', '20pieces'),
(1824, 363, 'size', 'XL'),
(1825, 364, '', ''),
(1826, 365, '', ''),
(1827, 366, '', ''),
(1828, 367, '', ''),
(1829, 368, '', ''),
(1830, 309, '', ''),
(1831, 310, '', ''),
(1832, 369, '', ''),
(1833, 370, '', ''),
(1834, 288, '', ''),
(1835, 371, '', ''),
(1836, 372, '', ''),
(1837, 373, '', ''),
(1838, 374, '', ''),
(1839, 374, '', ''),
(1840, 328, '', ''),
(1841, 295, '', ''),
(1842, 375, 'Νο 46', ''),
(1843, 376, '', ''),
(1844, 377, 'Adhesive', '2 meters'),
(1845, 378, 'Povidone iodine 10%', '240 ml'),
(1846, 379, '100% Hydrofile', '70gr'),
(1847, 380, 'Quantity per package', '10'),
(1848, 380, 'Packages', '2'),
(1849, 381, 'piece', '10 pieces'),
(1850, 381, '', ''),
(1851, 381, '', ''),
(1852, 382, 'pank', '10 packs'),
(1853, 383, 'packet of pills', '20 pills'),
(1854, 384, 'packet of pills', '20 pills'),
(1855, 327, 'pieces', '1'),
(1856, 327, '', ''),
(1857, 385, 'volume', '500ml'),
(1858, 307, 'rolls', '1 roll'),
(1859, 307, '', ''),
(1860, 386, 'volume', '100ml'),
(1861, 296, 'packet', '1 packet'),
(1862, 387, 'pills', '10 pills'),
(1863, 388, '', ''),
(1864, 389, 'weight', '105g'),
(1865, 390, '', ''),
(1866, 391, '6 pack', ''),
(1867, 392, '1', ''),
(1868, 393, '1', ''),
(1869, 295, '', ''),
(1870, 394, 'weight', '45g'),
(1871, 395, 'pcs', '18'),
(1872, 396, 'weight', '100'),
(1873, 397, 'weight', '100'),
(1874, 398, 'weight', '100'),
(1875, 399, 'weight', '200g'),
(1876, 295, '', ''),
(1877, 400, 'volume', '200g'),
(1878, 400, '', ''),
(1879, 401, 'Potency', 'High'),
(1880, 402, '', ''),
(1881, 403, '1', ''),
(1882, 403, '', ''),
(1883, 404, '', '12'),
(1884, 405, '', ''),
(1885, 405, '', ''),
(1886, 406, '', '2'),
(1887, 407, 'ml', '500'),
(1888, 408, '', '2'),
(1889, 409, '', '10'),
(1890, 410, '', '20'),
(1891, 411, '', '5'),
(1892, 412, '', '5'),
(1893, 413, 'grams', '1000'),
(1894, 414, 'grams', '500'),
(1895, 415, 'pair', '10'),
(1896, 416, 'grams', '1000'),
(1897, 417, 'grams', '500'),
(1898, 418, 'grams', '1000'),
(1899, 419, 'grams', '500'),
(1900, 420, 'grams', '1000'),
(1901, 421, '', '7'),
(1902, 422, 'grams', '500'),
(1903, 423, '', '5'),
(1904, 424, '', '10'),
(1905, 425, '', '5'),
(1906, 426, '', '5'),
(1907, 427, '', '5'),
(1908, 428, '', '2'),
(1909, 429, '', '3'),
(1910, 430, '', ''),
(1911, 431, '', '6'),
(1912, 432, '', '10'),
(1913, 433, '10', '600ml'),
(1914, 433, '', ''),
(1915, 434, '67', '1000mg'),
(1916, 435, '10', '330ml'),
(1917, 436, '22', '330'),
(1918, 437, '31', '500ml'),
(1919, 438, '40', '330ml'),
(1920, 439, '23', '500ml'),
(1921, 440, '15', '500ml'),
(1922, 441, '16', 'Mini'),
(1923, 442, '5', 'Medium'),
(1924, 442, '6', 'Large'),
(1925, 442, '10', 'Small'),
(1926, 442, '2', 'XL'),
(1927, 295, '', ''),
(1928, 430, '10', '500mg'),
(1929, 430, '', ''),
(1930, 443, '20', ''),
(1931, 443, '', ''),
(1932, 444, '5', '1.5kg'),
(1933, 307, '20', '200g'),
(1934, 307, '', ''),
(1935, 411, '30', ''),
(1936, 445, '30', '500g'),
(1937, 446, '20', ''),
(1938, 447, 'volume', '500ml'),
(1939, 448, 'quantity', '100'),
(1940, 449, 'iphone', '200'),
(1941, 450, '', ''),
(1942, 451, '', ''),
(1943, 452, 'band', 'UHF/VHF'),
(1944, 452, 'Wi-Fi', '2,4/5,0 GHz'),
(1945, 452, 'Bluetooth', '5.2'),
(1946, 452, 'Οθόνη', '2,4” 320 x 240 px. QVGA'),
(1947, 452, 'διάρκεια ζωής της μπαταρίας', '28 ώρες'),
(1948, 453, 'Frequency', '140-150Mhz'),
(1949, 453, 'Power Supply', '13VDC /- 1V 40A'),
(1950, 453, 'Output RF Power (Nominal)', '30 – 210W ; 230W max AM/FM/CW'),
(1951, 453, 'Modulation Types', 'SSB,CW,AM, FM, data etc (All narrowband modes)'),
(1952, 454, 'PART NUMBER', 'C14Y016X016-T'),
(1953, 454, 'CONTRACTOR NAME:', 'CELINA Tent, Inc'),
(1954, 454, 'COLOR', 'Tan'),
(1955, 454, 'SET-UP TIME/NUMBER OF PERSONS', '4 People/30 Minutes'),
(1956, 455, 'dimensions', ' 20’x32.5’'),
(1957, 455, 'TYPE', 'Frame Structure, Expandable, Air-Transportable'),
(1958, 455, 'WEIGHT', '1,200 lbs'),
(1959, 456, 'TYPE', 'Frame Structure, Expandable, Air- Transportable'),
(1960, 456, 'DIMENSIONS', 'E I-40’x80’'),
(1961, 456, 'WEIGHT', '24,000 lbs'),
(1962, 457, '', ''),
(1963, 458, '', ''),
(1964, 459, '', ''),
(1965, 295, '', ''),
(1966, 460, 'weight', '1k'),
(1967, 461, 'weight', '1k'),
(1968, 462, '', ''),
(1969, 370, '', ''),
(1970, 463, '', ''),
(1971, 333, '', ''),
(1972, 329, '', ''),
(1973, 464, '', ''),
(1974, 465, '', ''),
(1975, 466, '', ''),
(1976, 467, '', ''),
(1977, 468, 'size', '1.90X60'),
(1978, 469, 'light', 'blue'),
(1979, 470, 'pack', '60'),
(1980, 471, 'Volts', '208'),
(1981, 472, 'material', 'plastic'),
(1982, 473, 'Type', 'Digital'),
(1983, 474, 'Material', 'Paper'),
(1984, 475, 'Type', 'Waterproof'),
(1985, 476, '1', '1'),
(1986, 476, '', ''),
(1987, 477, '', '5'),
(1988, 478, '', '10'),
(1989, 479, '', ''),
(1990, 480, '6', '1500ml'),
(1991, 481, '2', '80g'),
(1992, 482, '3', '100g'),
(1993, 483, '1', '800g'),
(1994, 484, '1', ''),
(1995, 485, '', ''),
(1996, 486, '', ''),
(1997, 487, '', ''),
(1998, 488, '', ''),
(1999, 489, '', ''),
(2000, 490, '', ''),
(2001, 491, '', ''),
(2002, 492, 'AAA', '5'),
(2003, 493, '', ''),
(2004, 494, '1', '200ml'),
(2005, 495, '', ''),
(2006, 496, '', ''),
(2007, 497, '', ''),
(2008, 498, '', ''),
(2009, 499, '', ''),
(2010, 500, '', ''),
(2011, 501, '', ''),
(2012, 502, '', ''),
(2013, 503, '', ''),
(2014, 504, '', ''),
(2015, 505, '', ''),
(2016, 295, '', ''),
(2017, 506, 'pages', '230'),
(2018, 358, '', '1kg'),
(2019, 507, '', ''),
(2020, 302, '', ''),
(2021, 508, 'galons', '20'),
(2022, 509, 'quantity', '5'),
(2023, 510, '', ''),
(2024, 511, 'test item ', '1kg'),
(2025, 512, 'volume', '500ml'),
(2026, 512, '', ''),
(2027, 513, 'pills', '60 pills'),
(2028, 295, '', ''),
(2029, 295, '', ''),
(2030, 514, '', ''),
(2031, 514, '', ''),
(2032, 515, '', ''),
(2033, 516, '', ''),
(2034, 517, '', ''),
(2035, 518, '', ''),
(2036, 295, '', ''),
(2037, 295, '', ''),
(2038, 519, 'volume', '700ml'),
(2039, 520, 'pages', '654'),
(2040, 521, 'mg', '100'),
(2041, 522, 'mg', '5mg'),
(2042, 523, 'mg', '16'),
(2043, 524, 'size', '42'),
(2044, 525, 'Volume', '2L');
INSERT INTO `item_details` (`id`, `item_id`, `detail_name`, `detail_value`) VALUES
(2051, 284, 'volume', '1.5l'),
(2052, 284, 'pack size', '6'),
(2053, 285, 'volume', '250ml'),
(2054, 285, 'pack size', '12'),
(2055, 286, 'brand', 'Trata'),
(2056, 286, 'weight', '200g'),
(2057, 287, 'weight', '500g'),
(2058, 288, 'weight', '1kg'),
(2059, 288, 'type', 'white'),
(2060, 289, 'weight', '100g'),
(2061, 289, 'type', 'milk chocolate'),
(2062, 289, 'brand', 'ION'),
(2063, 290, 'size', '44'),
(2064, 291, 'weight', '500g'),
(2065, 291, 'pack size', '12'),
(2066, 291, 'expiry date', '13/12/1978'),
(2067, 292, 'Details', '600ml'),
(2068, 293, 'grams', '500'),
(2069, 294, 'calories', '200'),
(2070, 295, '', ''),
(2071, 296, '', ''),
(2072, 297, '', '25 pcs'),
(2073, 298, '', '100 pcs'),
(2074, 299, '', ''),
(2075, 300, '', '250ml'),
(2076, 301, '', ''),
(2077, 302, 'volume', '200mg'),
(2078, 303, 'size', '50\" x 60\"'),
(2079, 304, '', ''),
(2080, 305, 'stock', '500'),
(2081, 305, 'size', '3'),
(2082, 305, '', ''),
(2083, 306, 'stock', '500'),
(2084, 306, 'size', 'regular'),
(2085, 307, 'stock', '300'),
(2086, 307, 'ply', '3'),
(2087, 308, 'volume', '500gr'),
(2088, 308, 'stock ', '500'),
(2089, 308, 'scent', 'aloe'),
(2090, 309, 'stock', '500'),
(2091, 310, 'stock', '250'),
(2092, 311, 'stock', '200'),
(2093, 312, 'stock', '200'),
(2094, 313, 'stock', '2000'),
(2095, 313, 'dosage', '500mg'),
(2096, 314, 'stock ', '10'),
(2097, 314, 'dosage', '200mg'),
(2098, 295, '', ''),
(2099, 295, '', ''),
(2100, 295, '', ''),
(2101, 295, '', ''),
(2102, 295, '', ''),
(2103, 315, '', ''),
(2104, 316, '', ''),
(2105, 317, '', ''),
(2106, 318, '', ''),
(2107, 319, '', ''),
(2108, 320, '', ''),
(2109, 321, '', ''),
(2110, 322, '', ''),
(2111, 323, '', ''),
(2112, 324, '', ''),
(2113, 325, '', ''),
(2114, 326, '', ''),
(2115, 327, '', ''),
(2116, 328, '', ''),
(2117, 329, '', ''),
(2118, 330, '', ''),
(2119, 331, '', ''),
(2120, 332, '', ''),
(2121, 333, '', ''),
(2122, 334, '', ''),
(2123, 335, '', ''),
(2124, 336, '', ''),
(2125, 337, '', ''),
(2126, 338, '', ''),
(2127, 339, '', ''),
(2128, 340, '', ''),
(2129, 295, '', ''),
(2130, 295, '', ''),
(2131, 295, '', ''),
(2132, 295, '', ''),
(2133, 295, '', ''),
(2134, 295, '', ''),
(2135, 295, '', ''),
(2136, 295, '', ''),
(2137, 295, '', ''),
(2138, 295, '', ''),
(2139, 295, 'ghw56', 'twhwhrwh'),
(2140, 295, '', ''),
(2141, 341, 'wtwty', 'wytwty'),
(2142, 284, '', ''),
(2143, 342, 'Volume', '500ml'),
(2144, 343, 'volume', '75ml'),
(2145, 344, 'duration', '7 hours'),
(2146, 345, 'volume', '250ml'),
(2147, 346, 'material', 'silicone'),
(2148, 347, 'weight', '400gr'),
(2149, 348, 'weight', '23,5gr'),
(2150, 349, 'Number of different tools', '3'),
(2151, 349, 'Tool', 'Spoon'),
(2152, 349, 'Tool', 'Spoon'),
(2153, 349, 'Tool', 'Spoon'),
(2154, 350, 'Basic Ingredients', 'Iodine'),
(2155, 350, 'Suggested for', 'Everyone expept pregnant women'),
(2156, 351, 'Power', 'Batteries'),
(2157, 351, 'Frequencies Range', '3 kHz - 3000 GHz'),
(2158, 352, '', '(scrubbers, rubber gloves, kitchen detergent, laundry soap)'),
(2159, 353, '', ''),
(2160, 354, '', ''),
(2161, 355, '', ''),
(2162, 356, '', ''),
(2163, 357, 'volume', '500ml'),
(2164, 358, 'volume', '500g'),
(2165, 359, 'volume', '500g'),
(2166, 360, '', ''),
(2167, 361, 'volume', '500ml'),
(2168, 362, 'volume', '20pieces'),
(2169, 363, 'size', 'XL'),
(2170, 364, '', ''),
(2171, 365, '', ''),
(2172, 366, '', ''),
(2173, 367, '', ''),
(2174, 368, '', ''),
(2175, 309, '', ''),
(2176, 310, '', ''),
(2177, 369, '', ''),
(2178, 370, '', ''),
(2179, 288, '', ''),
(2180, 371, '', ''),
(2181, 372, '', ''),
(2182, 373, '', ''),
(2183, 374, '', ''),
(2184, 374, '', ''),
(2185, 328, '', ''),
(2186, 295, '', ''),
(2187, 375, 'Νο 46', ''),
(2188, 376, '', ''),
(2189, 377, 'Adhesive', '2 meters'),
(2190, 378, 'Povidone iodine 10%', '240 ml'),
(2191, 379, '100% Hydrofile', '70gr'),
(2192, 380, 'Quantity per package', '10'),
(2193, 380, 'Packages', '2'),
(2194, 381, 'piece', '10 pieces'),
(2195, 381, '', ''),
(2196, 381, '', ''),
(2197, 382, 'pank', '10 packs'),
(2198, 383, 'packet of pills', '20 pills'),
(2199, 384, 'packet of pills', '20 pills'),
(2200, 327, 'pieces', '1'),
(2201, 327, '', ''),
(2202, 385, 'volume', '500ml'),
(2203, 307, 'rolls', '1 roll'),
(2204, 307, '', ''),
(2205, 386, 'volume', '100ml'),
(2206, 296, 'packet', '1 packet'),
(2207, 387, 'pills', '10 pills'),
(2208, 388, '', ''),
(2209, 389, 'weight', '105g'),
(2210, 390, '', ''),
(2211, 391, '6 pack', ''),
(2212, 392, '1', ''),
(2213, 393, '1', ''),
(2214, 295, '', ''),
(2215, 394, 'weight', '45g'),
(2216, 395, 'pcs', '18'),
(2217, 396, 'weight', '100'),
(2218, 397, 'weight', '100'),
(2219, 398, 'weight', '100'),
(2220, 399, 'weight', '200g'),
(2221, 295, '', ''),
(2222, 400, 'volume', '200g'),
(2223, 400, '', ''),
(2224, 401, 'Potency', 'High'),
(2225, 402, '', ''),
(2226, 403, '1', ''),
(2227, 403, '', ''),
(2228, 404, '', '12'),
(2229, 405, '', ''),
(2230, 405, '', ''),
(2231, 406, '', '2'),
(2232, 407, 'ml', '500'),
(2233, 408, '', '2'),
(2234, 409, '', '10'),
(2235, 410, '', '20'),
(2236, 411, '', '5'),
(2237, 412, '', '5'),
(2238, 413, 'grams', '1000'),
(2239, 414, 'grams', '500'),
(2240, 415, 'pair', '10'),
(2241, 416, 'grams', '1000'),
(2242, 417, 'grams', '500'),
(2243, 418, 'grams', '1000'),
(2244, 419, 'grams', '500'),
(2245, 420, 'grams', '1000'),
(2246, 421, '', '7'),
(2247, 422, 'grams', '500'),
(2248, 423, '', '5'),
(2249, 424, '', '10'),
(2250, 425, '', '5'),
(2251, 426, '', '5'),
(2252, 427, '', '5'),
(2253, 428, '', '2'),
(2254, 429, '', '3'),
(2255, 430, '', ''),
(2256, 431, '', '6'),
(2257, 432, '', '10'),
(2258, 433, '10', '600ml'),
(2259, 433, '', ''),
(2260, 434, '67', '1000mg'),
(2261, 435, '10', '330ml'),
(2262, 436, '22', '330'),
(2263, 437, '31', '500ml'),
(2264, 438, '40', '330ml'),
(2265, 439, '23', '500ml'),
(2266, 440, '15', '500ml'),
(2267, 441, '16', 'Mini'),
(2268, 442, '5', 'Medium'),
(2269, 442, '6', 'Large'),
(2270, 442, '10', 'Small'),
(2271, 442, '2', 'XL'),
(2272, 295, '', ''),
(2273, 430, '10', '500mg'),
(2274, 430, '', ''),
(2275, 443, '20', ''),
(2276, 443, '', ''),
(2277, 444, '5', '1.5kg'),
(2278, 307, '20', '200g'),
(2279, 307, '', ''),
(2280, 411, '30', ''),
(2281, 445, '30', '500g'),
(2282, 446, '20', ''),
(2283, 447, 'volume', '500ml'),
(2284, 448, 'quantity', '100'),
(2285, 449, 'iphone', '200'),
(2286, 450, '', ''),
(2287, 451, '', ''),
(2288, 452, 'band', 'UHF/VHF'),
(2289, 452, 'Wi-Fi', '2,4/5,0 GHz'),
(2290, 452, 'Bluetooth', '5.2'),
(2291, 452, 'Οθόνη', '2,4” 320 x 240 px. QVGA'),
(2292, 452, 'διάρκεια ζωής της μπαταρίας', '28 ώρες'),
(2293, 453, 'Frequency', '140-150Mhz'),
(2294, 453, 'Power Supply', '13VDC /- 1V 40A'),
(2295, 453, 'Output RF Power (Nominal)', '30 – 210W ; 230W max AM/FM/CW'),
(2296, 453, 'Modulation Types', 'SSB,CW,AM, FM, data etc (All narrowband modes)'),
(2297, 454, 'PART NUMBER', 'C14Y016X016-T'),
(2298, 454, 'CONTRACTOR NAME:', 'CELINA Tent, Inc'),
(2299, 454, 'COLOR', 'Tan'),
(2300, 454, 'SET-UP TIME/NUMBER OF PERSONS', '4 People/30 Minutes'),
(2301, 455, 'dimensions', ' 20’x32.5’'),
(2302, 455, 'TYPE', 'Frame Structure, Expandable, Air-Transportable'),
(2303, 455, 'WEIGHT', '1,200 lbs'),
(2304, 456, 'TYPE', 'Frame Structure, Expandable, Air- Transportable'),
(2305, 456, 'DIMENSIONS', 'E I-40’x80’'),
(2306, 456, 'WEIGHT', '24,000 lbs'),
(2307, 457, '', ''),
(2308, 458, '', ''),
(2309, 459, '', ''),
(2310, 295, '', ''),
(2311, 460, 'weight', '1k'),
(2312, 461, 'weight', '1k'),
(2313, 462, '', ''),
(2314, 370, '', ''),
(2315, 463, '', ''),
(2316, 333, '', ''),
(2317, 329, '', ''),
(2318, 464, '', ''),
(2319, 465, '', ''),
(2320, 466, '', ''),
(2321, 467, '', ''),
(2322, 468, 'size', '1.90X60'),
(2323, 469, 'light', 'blue'),
(2324, 470, 'pack', '60'),
(2325, 471, 'Volts', '208'),
(2326, 472, 'material', 'plastic'),
(2327, 473, 'Type', 'Digital'),
(2328, 474, 'Material', 'Paper'),
(2329, 475, 'Type', 'Waterproof'),
(2330, 476, '1', '1'),
(2331, 476, '', ''),
(2332, 477, '', '5'),
(2333, 478, '', '10'),
(2334, 479, '', ''),
(2335, 480, '6', '1500ml'),
(2336, 481, '2', '80g'),
(2337, 482, '3', '100g'),
(2338, 483, '1', '800g'),
(2339, 484, '1', ''),
(2340, 485, '', ''),
(2341, 486, '', ''),
(2342, 487, '', ''),
(2343, 488, '', ''),
(2344, 489, '', ''),
(2345, 490, '', ''),
(2346, 491, '', ''),
(2347, 492, 'AAA', '5'),
(2348, 493, '', ''),
(2349, 494, '1', '200ml'),
(2350, 495, '', ''),
(2351, 496, '', ''),
(2352, 497, '', ''),
(2353, 498, '', ''),
(2354, 499, '', ''),
(2355, 500, '', ''),
(2356, 501, '', ''),
(2357, 502, '', ''),
(2358, 503, '', ''),
(2359, 504, '', ''),
(2360, 505, '', ''),
(2361, 295, '', ''),
(2362, 506, 'pages', '230'),
(2363, 358, '', '1kg'),
(2364, 507, '', ''),
(2365, 302, '', ''),
(2366, 508, 'galons', '20'),
(2367, 509, 'quantity', '5'),
(2368, 510, '', ''),
(2369, 511, 'test item ', '1kg'),
(2370, 512, 'volume', '500ml'),
(2371, 512, '', ''),
(2372, 513, 'pills', '60 pills'),
(2373, 295, '', ''),
(2374, 295, '', ''),
(2375, 514, '', ''),
(2376, 514, '', ''),
(2377, 515, '', ''),
(2378, 516, '', ''),
(2379, 517, '', ''),
(2380, 518, '', ''),
(2381, 295, '', ''),
(2382, 295, '', ''),
(2383, 519, 'volume', '700ml'),
(2384, 520, 'pages', '654'),
(2385, 521, 'mg', '100'),
(2386, 522, 'mg', '5mg'),
(2387, 523, 'mg', '16'),
(2388, 524, 'size', '42'),
(2389, 525, 'Volume', '2L'),
(2396, 284, 'volume', '1.5l'),
(2397, 284, 'pack size', '6'),
(2398, 285, 'volume', '250ml'),
(2399, 285, 'pack size', '12'),
(2400, 286, 'brand', 'Trata'),
(2401, 286, 'weight', '200g'),
(2402, 287, 'weight', '500g'),
(2403, 288, 'weight', '1kg'),
(2404, 288, 'type', 'white'),
(2405, 289, 'weight', '100g'),
(2406, 289, 'type', 'milk chocolate'),
(2407, 289, 'brand', 'ION'),
(2408, 290, 'size', '44'),
(2409, 291, 'weight', '500g'),
(2410, 291, 'pack size', '12'),
(2411, 291, 'expiry date', '13/12/1978'),
(2412, 292, 'Details', '600ml'),
(2413, 293, 'grams', '500'),
(2414, 294, 'calories', '200'),
(2415, 295, '', ''),
(2416, 296, '', ''),
(2417, 297, '', '25 pcs'),
(2418, 298, '', '100 pcs'),
(2419, 299, '', ''),
(2420, 300, '', '250ml'),
(2421, 301, '', ''),
(2422, 302, 'volume', '200mg'),
(2423, 303, 'size', '50\" x 60\"'),
(2424, 304, '', ''),
(2425, 305, 'stock', '500'),
(2426, 305, 'size', '3'),
(2427, 305, '', ''),
(2428, 306, 'stock', '500'),
(2429, 306, 'size', 'regular'),
(2430, 307, 'stock', '300'),
(2431, 307, 'ply', '3'),
(2432, 308, 'volume', '500gr'),
(2433, 308, 'stock ', '500'),
(2434, 308, 'scent', 'aloe'),
(2435, 309, 'stock', '500'),
(2436, 310, 'stock', '250'),
(2437, 311, 'stock', '200'),
(2438, 312, 'stock', '200'),
(2439, 313, 'stock', '2000'),
(2440, 313, 'dosage', '500mg'),
(2441, 314, 'stock ', '10'),
(2442, 314, 'dosage', '200mg'),
(2443, 295, '', ''),
(2444, 295, '', ''),
(2445, 295, '', ''),
(2446, 295, '', ''),
(2447, 295, '', ''),
(2448, 315, '', ''),
(2449, 316, '', ''),
(2450, 317, '', ''),
(2451, 318, '', ''),
(2452, 319, '', ''),
(2453, 320, '', ''),
(2454, 321, '', ''),
(2455, 322, '', ''),
(2456, 323, '', ''),
(2457, 324, '', ''),
(2458, 325, '', ''),
(2459, 326, '', ''),
(2460, 327, '', ''),
(2461, 328, '', ''),
(2462, 329, '', ''),
(2463, 330, '', ''),
(2464, 331, '', ''),
(2465, 332, '', ''),
(2466, 333, '', ''),
(2467, 334, '', ''),
(2468, 335, '', ''),
(2469, 336, '', ''),
(2470, 337, '', ''),
(2471, 338, '', ''),
(2472, 339, '', ''),
(2473, 340, '', ''),
(2474, 295, '', ''),
(2475, 295, '', ''),
(2476, 295, '', ''),
(2477, 295, '', ''),
(2478, 295, '', ''),
(2479, 295, '', ''),
(2480, 295, '', ''),
(2481, 295, '', ''),
(2482, 295, '', ''),
(2483, 295, '', ''),
(2484, 295, 'ghw56', 'twhwhrwh'),
(2485, 295, '', ''),
(2486, 341, 'wtwty', 'wytwty'),
(2487, 284, '', ''),
(2488, 342, 'Volume', '500ml'),
(2489, 343, 'volume', '75ml'),
(2490, 344, 'duration', '7 hours'),
(2491, 345, 'volume', '250ml'),
(2492, 346, 'material', 'silicone'),
(2493, 347, 'weight', '400gr'),
(2494, 348, 'weight', '23,5gr'),
(2495, 349, 'Number of different tools', '3'),
(2496, 349, 'Tool', 'Spoon'),
(2497, 349, 'Tool', 'Spoon'),
(2498, 349, 'Tool', 'Spoon'),
(2499, 350, 'Basic Ingredients', 'Iodine'),
(2500, 350, 'Suggested for', 'Everyone expept pregnant women'),
(2501, 351, 'Power', 'Batteries'),
(2502, 351, 'Frequencies Range', '3 kHz - 3000 GHz'),
(2503, 352, '', '(scrubbers, rubber gloves, kitchen detergent, laundry soap)'),
(2504, 353, '', ''),
(2505, 354, '', ''),
(2506, 355, '', ''),
(2507, 356, '', ''),
(2508, 357, 'volume', '500ml'),
(2509, 358, 'volume', '500g'),
(2510, 359, 'volume', '500g'),
(2511, 360, '', ''),
(2512, 361, 'volume', '500ml'),
(2513, 362, 'volume', '20pieces'),
(2514, 363, 'size', 'XL'),
(2515, 364, '', ''),
(2516, 365, '', ''),
(2517, 366, '', ''),
(2518, 367, '', ''),
(2519, 368, '', ''),
(2520, 309, '', ''),
(2521, 310, '', ''),
(2522, 369, '', ''),
(2523, 370, '', ''),
(2524, 288, '', ''),
(2525, 371, '', ''),
(2526, 372, '', ''),
(2527, 373, '', ''),
(2528, 374, '', ''),
(2529, 374, '', ''),
(2530, 328, '', ''),
(2531, 295, '', ''),
(2532, 375, 'Νο 46', ''),
(2533, 376, '', ''),
(2534, 377, 'Adhesive', '2 meters'),
(2535, 378, 'Povidone iodine 10%', '240 ml'),
(2536, 379, '100% Hydrofile', '70gr'),
(2537, 380, 'Quantity per package', '10'),
(2538, 380, 'Packages', '2'),
(2539, 381, 'piece', '10 pieces'),
(2540, 381, '', ''),
(2541, 381, '', ''),
(2542, 382, 'pank', '10 packs'),
(2543, 383, 'packet of pills', '20 pills'),
(2544, 384, 'packet of pills', '20 pills'),
(2545, 327, 'pieces', '1'),
(2546, 327, '', ''),
(2547, 385, 'volume', '500ml'),
(2548, 307, 'rolls', '1 roll'),
(2549, 307, '', ''),
(2550, 386, 'volume', '100ml'),
(2551, 296, 'packet', '1 packet'),
(2552, 387, 'pills', '10 pills'),
(2553, 388, '', ''),
(2554, 389, 'weight', '105g'),
(2555, 390, '', ''),
(2556, 391, '6 pack', ''),
(2557, 392, '1', ''),
(2558, 393, '1', ''),
(2559, 295, '', ''),
(2560, 394, 'weight', '45g'),
(2561, 395, 'pcs', '18'),
(2562, 396, 'weight', '100'),
(2563, 397, 'weight', '100'),
(2564, 398, 'weight', '100'),
(2565, 399, 'weight', '200g'),
(2566, 295, '', ''),
(2567, 400, 'volume', '200g'),
(2568, 400, '', ''),
(2569, 401, 'Potency', 'High'),
(2570, 402, '', ''),
(2571, 403, '1', ''),
(2572, 403, '', ''),
(2573, 404, '', '12'),
(2574, 405, '', ''),
(2575, 405, '', ''),
(2576, 406, '', '2'),
(2577, 407, 'ml', '500'),
(2578, 408, '', '2'),
(2579, 409, '', '10'),
(2580, 410, '', '20'),
(2581, 411, '', '5'),
(2582, 412, '', '5'),
(2583, 413, 'grams', '1000'),
(2584, 414, 'grams', '500'),
(2585, 415, 'pair', '10'),
(2586, 416, 'grams', '1000'),
(2587, 417, 'grams', '500'),
(2588, 418, 'grams', '1000'),
(2589, 419, 'grams', '500'),
(2590, 420, 'grams', '1000'),
(2591, 421, '', '7'),
(2592, 422, 'grams', '500'),
(2593, 423, '', '5'),
(2594, 424, '', '10'),
(2595, 425, '', '5'),
(2596, 426, '', '5'),
(2597, 427, '', '5'),
(2598, 428, '', '2'),
(2599, 429, '', '3'),
(2600, 430, '', ''),
(2601, 431, '', '6'),
(2602, 432, '', '10'),
(2603, 433, '10', '600ml'),
(2604, 433, '', ''),
(2605, 434, '67', '1000mg'),
(2606, 435, '10', '330ml'),
(2607, 436, '22', '330'),
(2608, 437, '31', '500ml'),
(2609, 438, '40', '330ml'),
(2610, 439, '23', '500ml'),
(2611, 440, '15', '500ml'),
(2612, 441, '16', 'Mini'),
(2613, 442, '5', 'Medium'),
(2614, 442, '6', 'Large'),
(2615, 442, '10', 'Small'),
(2616, 442, '2', 'XL'),
(2617, 295, '', ''),
(2618, 430, '10', '500mg'),
(2619, 430, '', ''),
(2620, 443, '20', ''),
(2621, 443, '', ''),
(2622, 444, '5', '1.5kg'),
(2623, 307, '20', '200g'),
(2624, 307, '', ''),
(2625, 411, '30', ''),
(2626, 445, '30', '500g'),
(2627, 446, '20', ''),
(2628, 447, 'volume', '500ml'),
(2629, 448, 'quantity', '100'),
(2630, 449, 'iphone', '200'),
(2631, 450, '', ''),
(2632, 451, '', ''),
(2633, 452, 'band', 'UHF/VHF'),
(2634, 452, 'Wi-Fi', '2,4/5,0 GHz'),
(2635, 452, 'Bluetooth', '5.2'),
(2636, 452, 'Οθόνη', '2,4” 320 x 240 px. QVGA'),
(2637, 452, 'διάρκεια ζωής της μπαταρίας', '28 ώρες'),
(2638, 453, 'Frequency', '140-150Mhz'),
(2639, 453, 'Power Supply', '13VDC /- 1V 40A'),
(2640, 453, 'Output RF Power (Nominal)', '30 – 210W ; 230W max AM/FM/CW'),
(2641, 453, 'Modulation Types', 'SSB,CW,AM, FM, data etc (All narrowband modes)'),
(2642, 454, 'PART NUMBER', 'C14Y016X016-T'),
(2643, 454, 'CONTRACTOR NAME:', 'CELINA Tent, Inc'),
(2644, 454, 'COLOR', 'Tan'),
(2645, 454, 'SET-UP TIME/NUMBER OF PERSONS', '4 People/30 Minutes'),
(2646, 455, 'dimensions', ' 20’x32.5’'),
(2647, 455, 'TYPE', 'Frame Structure, Expandable, Air-Transportable'),
(2648, 455, 'WEIGHT', '1,200 lbs'),
(2649, 456, 'TYPE', 'Frame Structure, Expandable, Air- Transportable'),
(2650, 456, 'DIMENSIONS', 'E I-40’x80’'),
(2651, 456, 'WEIGHT', '24,000 lbs'),
(2652, 457, '', ''),
(2653, 458, '', ''),
(2654, 459, '', ''),
(2655, 295, '', ''),
(2656, 460, 'weight', '1k'),
(2657, 461, 'weight', '1k'),
(2658, 462, '', ''),
(2659, 370, '', ''),
(2660, 463, '', ''),
(2661, 333, '', ''),
(2662, 329, '', ''),
(2663, 464, '', ''),
(2664, 465, '', ''),
(2665, 466, '', ''),
(2666, 467, '', ''),
(2667, 468, 'size', '1.90X60'),
(2668, 469, 'light', 'blue'),
(2669, 470, 'pack', '60'),
(2670, 471, 'Volts', '208'),
(2671, 472, 'material', 'plastic'),
(2672, 473, 'Type', 'Digital'),
(2673, 474, 'Material', 'Paper'),
(2674, 475, 'Type', 'Waterproof'),
(2675, 476, '1', '1'),
(2676, 476, '', ''),
(2677, 477, '', '5'),
(2678, 478, '', '10'),
(2679, 479, '', ''),
(2680, 480, '6', '1500ml'),
(2681, 481, '2', '80g'),
(2682, 482, '3', '100g'),
(2683, 483, '1', '800g'),
(2684, 484, '1', ''),
(2685, 485, '', ''),
(2686, 486, '', ''),
(2687, 487, '', ''),
(2688, 488, '', ''),
(2689, 489, '', ''),
(2690, 490, '', ''),
(2691, 491, '', ''),
(2692, 492, 'AAA', '5'),
(2693, 493, '', ''),
(2694, 494, '1', '200ml'),
(2695, 495, '', ''),
(2696, 496, '', ''),
(2697, 497, '', ''),
(2698, 498, '', ''),
(2699, 499, '', ''),
(2700, 500, '', ''),
(2701, 501, '', ''),
(2702, 502, '', ''),
(2703, 503, '', ''),
(2704, 504, '', ''),
(2705, 505, '', ''),
(2706, 295, '', ''),
(2707, 506, 'pages', '230'),
(2708, 358, '', '1kg'),
(2709, 507, '', ''),
(2710, 302, '', ''),
(2711, 508, 'galons', '20'),
(2712, 509, 'quantity', '5'),
(2713, 510, '', ''),
(2714, 511, 'test item ', '1kg'),
(2715, 512, 'volume', '500ml'),
(2716, 512, '', ''),
(2717, 513, 'pills', '60 pills'),
(2718, 295, '', ''),
(2719, 295, '', ''),
(2720, 514, '', ''),
(2721, 514, '', ''),
(2722, 515, '', ''),
(2723, 516, '', ''),
(2724, 517, '', ''),
(2725, 518, '', ''),
(2726, 295, '', ''),
(2727, 295, '', ''),
(2728, 519, 'volume', '700ml'),
(2729, 520, 'pages', '654'),
(2730, 521, 'mg', '100'),
(2731, 522, 'mg', '5mg'),
(2732, 523, 'mg', '16'),
(2733, 524, 'size', '42'),
(2734, 525, 'Volume', '2L'),
(2741, 532, '', ''),
(2742, 533, 'Volume', '1L'),
(2743, 534, 'Volume', '1L'),
(2744, 535, '', ''),
(2745, 536, '', ''),
(2746, 537, 'volume', '500ml'),
(2747, 538, '', ''),
(2748, 539, 'Shelf Life', '3 Years'),
(2749, 540, ' Spaghetti Bolognese', '1 year'),
(2750, 541, 'Material', ' Insulated Fiber'),
(2751, 541, 'Size ', ' S to L'),
(2752, 542, 'Material', ' Fleece and Nylon'),
(2753, 542, 'Size Range', 'M to XXL'),
(2754, 543, 'Material', 'Polyester Blend'),
(2755, 543, 'Size Range', 'S to XXL'),
(2756, 544, '', ''),
(2757, 545, 'Material', 'Insulated Down'),
(2758, 545, 'Size Range', 'L to XXL'),
(2759, 546, 'Weight', '1kg'),
(2760, 546, 'Size', '8x4x14(cm)'),
(2761, 547, 'Pack ', '8'),
(2762, 547, 'Figure weight', '100gr(each)'),
(2763, 547, 'Figure size ', '5x3x6(each)'),
(2764, 548, '', ''),
(2765, 549, '', ''),
(2766, 550, '', ''),
(2767, 551, '', ''),
(2768, 552, '', ''),
(2769, 553, '', ''),
(2770, 554, '', ''),
(2771, 555, '', ''),
(2772, 556, 'Headache Medicine', '2 tablets'),
(2773, 557, 'Pain Relief', '3 tablets'),
(2774, 558, 'Disinfectant', '200ml'),
(2775, 559, 'Test', '10'),
(2776, 560, 'volume', '2kg'),
(2777, 561, 'volume', '500g'),
(2778, 562, 'size', 'medium'),
(2779, 563, 'volume', '500ml'),
(2780, 564, 'length', '1.2m'),
(2781, 565, 'material', 'nylon'),
(2782, 566, 'quantity', '100'),
(2783, 567, 'type', 'compact'),
(2784, 568, 'volume', '225ml'),
(2785, 569, 'size', 'medium'),
(2786, 570, 'volume', '500ml'),
(2787, 571, 'quantity', '100'),
(2788, 572, 'quantity', '50'),
(2789, 573, 'volume', '500ml'),
(2790, 574, 'material', 'nylon'),
(2791, 575, 'volume', '1L'),
(2792, 576, 'volume', '300ml'),
(2793, 577, 'volume', '1L'),
(2794, 578, 'quantity', '10'),
(2795, 579, 'size', 'medium'),
(2796, 580, 'type', 'high-decibel'),
(2797, 581, 'type', 'compact'),
(2798, 582, 'contents', '6 flares'),
(2799, 583, 'type', 'am/fm'),
(2800, 584, 'range', '5km'),
(2801, 585, 'quantity', '10'),
(2802, 586, 'type', 'LED'),
(2803, 587, 'length', '10m'),
(2804, 588, 'type', 'waterproof'),
(2805, 589, 'type', 'solar-powered'),
(2806, 590, 'bottle', '1litre'),
(2807, 591, 'bottle', '1litre'),
(2808, 592, 'packet', '10 temaxia'),
(2809, 593, 'paketo', '10 temaxia'),
(2810, 594, 'paketo', '10 temaxia'),
(2811, 595, 'paketo', '12'),
(2812, 596, 'paketo', '12'),
(2813, 597, 'weight', '2kg'),
(2814, 598, 'paket', '50'),
(2815, 599, 'packet', '50'),
(2816, 600, 'electric', '20V');

-- --------------------------------------------------------

--
-- Δομή πίνακα για τον πίνακα `offers`
--

CREATE TABLE `offers` (
  `id` int(11) NOT NULL,
  `user_id` int(11) NOT NULL,
  `item_ids` varchar(255) NOT NULL,
  `status` varchar(50) NOT NULL DEFAULT 'pending',
  `created_at` timestamp NOT NULL DEFAULT current_timestamp(),
  `latitude` decimal(10,8) NOT NULL DEFAULT 0.00000000,
  `longitude` decimal(11,8) NOT NULL DEFAULT 0.00000000
) ENGINE=InnoDB DEFAULT CHARSET=utf8mb4 COLLATE=utf8mb4_general_ci;

--
-- Άδειασμα δεδομένων του πίνακα `offers`
--

INSERT INTO `offers` (`id`, `user_id`, `item_ids`, `status`, `created_at`, `latitude`, `longitude`) VALUES
(57, 46, '1:25', 'pending', '2024-09-16 18:13:56', '38.24580000', '21.73570000'),
(58, 46, '2:25', 'pending', '2024-09-16 18:14:17', '38.24580000', '21.73570000'),
(59, 48, '18:25,19:25', 'pending', '2024-09-16 18:14:42', '38.23130000', '21.75670000');

-- --------------------------------------------------------

--
-- Δομή πίνακα για τον πίνακα `requests`
--

CREATE TABLE `requests` (
  `id` int(11) NOT NULL,
  `user_id` int(11) DEFAULT NULL,
  `item_id` int(11) DEFAULT NULL,
  `quantity` int(11) DEFAULT NULL,
  `status` varchar(255) NOT NULL,
  `latitude` double NOT NULL,
  `longitude` double NOT NULL,
  `created_at` timestamp NOT NULL DEFAULT current_timestamp()
) ENGINE=InnoDB DEFAULT CHARSET=utf8mb4 COLLATE=utf8mb4_general_ci;

--
-- Άδειασμα δεδομένων του πίνακα `requests`
--

INSERT INTO `requests` (`id`, `user_id`, `item_id`, `quantity`, `status`, `latitude`, `longitude`, `created_at`) VALUES
(47, 33, 1, 5, 'pending', 38.2565, 21.7434, '2024-09-16 18:18:20'),
(48, 33, 2, 5, 'pending', 38.2565, 21.7434, '2024-09-16 18:18:39'),
(49, 47, 18, 5, 'pending', 38.2225, 21.7312, '2024-09-16 18:19:45'),
(50, 49, 22, 5, 'pending', 38.2432, 21.7552, '2024-09-16 18:20:22');

-- --------------------------------------------------------

--
-- Δομή πίνακα για τον πίνακα `tasks`
--

CREATE TABLE `tasks` (
  `task_id` int(11) NOT NULL,
  `task_type` enum('offer','request') NOT NULL,
  `offer_id` int(11) DEFAULT NULL,
  `request_id` int(11) DEFAULT NULL,
  `status` enum('pending','in_progress','completed') NOT NULL DEFAULT 'pending',
  `created_at` timestamp NOT NULL DEFAULT current_timestamp(),
  `completed_at` timestamp NULL DEFAULT NULL,
  `latitude` decimal(10,8) NOT NULL,
  `longitude` decimal(11,8) NOT NULL,
  `rescuer_id` int(11) DEFAULT NULL,
  `collected_at` datetime DEFAULT NULL
) ENGINE=InnoDB DEFAULT CHARSET=utf8mb4 COLLATE=utf8mb4_general_ci;

--
-- Άδειασμα δεδομένων του πίνακα `tasks`
--

INSERT INTO `tasks` (`task_id`, `task_type`, `offer_id`, `request_id`, `status`, `created_at`, `completed_at`, `latitude`, `longitude`, `rescuer_id`, `collected_at`) VALUES
(78, 'offer', 57, NULL, 'pending', '2024-09-16 17:13:56', NULL, '38.24580000', '21.73570000', NULL, NULL),
(79, 'offer', 58, NULL, 'pending', '2024-09-16 17:14:17', NULL, '38.24580000', '21.73570000', NULL, NULL),
(80, 'offer', 59, NULL, 'pending', '2024-09-16 17:14:42', NULL, '38.23130000', '21.75670000', NULL, NULL),
(81, 'request', NULL, 47, 'pending', '2024-09-16 18:18:20', NULL, '38.25650000', '21.74340000', NULL, NULL),
(82, 'request', NULL, 48, 'pending', '2024-09-16 18:18:39', NULL, '38.25650000', '21.74340000', NULL, NULL),
(83, 'request', NULL, 49, 'pending', '2024-09-16 18:19:45', NULL, '38.22250000', '21.73120000', NULL, NULL),
(84, 'request', NULL, 50, 'pending', '2024-09-16 18:20:22', NULL, '38.24320000', '21.75520000', NULL, NULL);

-- --------------------------------------------------------

--
-- Δομή πίνακα για τον πίνακα `users`
--

CREATE TABLE `users` (
  `id` int(11) NOT NULL,
  `fullname` varchar(100) NOT NULL,
  `phone` varchar(15) NOT NULL,
  `username` varchar(50) NOT NULL,
  `password` varchar(255) NOT NULL,
  `role` enum('admin','rescuer','citizen') NOT NULL,
  `latitude` float DEFAULT NULL,
  `longitude` float DEFAULT NULL
) ENGINE=InnoDB DEFAULT CHARSET=utf8mb4 COLLATE=utf8mb4_general_ci;

--
-- Άδειασμα δεδομένων του πίνακα `users`
--

INSERT INTO `users` (`id`, `fullname`, `phone`, `username`, `password`, `role`, `latitude`, `longitude`) VALUES
(6, 'Kristian Louka', '1234567891', 'Louk', '$2y$10$XN0qUJ.o4vRTXkOO3yHiRuu30dkVgOoGifVyz9LzAEJQqDbI/GJaa', 'admin', NULL, NULL),
(33, 'John123', '6911111111', 'john123', '$2y$10$vN2/ARn2NhtBH/TLo0zKpe3AfUOhg54fWbJznMTpquJahot9dwrgC', 'citizen', 38.2565, 21.7434),
(41, 'Alex Thm', '6922222222', 'Alex', '$2y$10$kArPdVFov5Q9wcN60GVCA.jrOiO2V4bqonFB8Y/6RZCnmVaHgti6m', 'rescuer', 38.2426, 21.728),
(42, 'Lou Xrist', '6933333333', 'LoukXris', '$2y$10$dS8ojXIVmB58MxPpOpmUe.5b8Wmf5fATHjibpIZ1fDmvVfHnWVtmK', 'rescuer', 38.2428, 21.7404),
(45, 'louk1', '6911111111', 'louk1', '$2y$10$73D8E.y0bvzqZEH2XgKnWOeDIK4kTXa3QMgS091b/5CwL8vIc4xci', 'rescuer', 38.2683, 21.7489),
(46, 'citizen1', '6911111111', 'citizen1', '$2y$10$xDJpyb1w1PJ1tMwhEfV9beh1PdiVCY1bwg3NJQQH0hB9vlv6HpiN6', 'citizen', 38.2458, 21.7357),
(47, 'example1', '6911111111', 'example1', '$2y$10$LwrNK1YOM7orLnScAtCQ4eksuDERk0cFUGTlAHgTxhP9LclU7tPya', 'citizen', 38.2225, 21.7312),
(48, 'citizen2', '6911111111', 'citizen2', '$2y$10$7wYS1r2Kosb6uVynmY6lcOHTK5r6bxW0yWliBuyWpYC5BAV9gdFxm', 'citizen', 38.2313, 21.7567),
(49, 'citizen3', '6911111111', 'citizen3', '$2y$10$lcAxlE2xlHFaRUQFiY3be.1xEjNOsFaS3YfWWNNSJ4HT7O.jReaoW', 'citizen', 38.2432, 21.7552);

--
-- Ευρετήρια για άχρηστους πίνακες
--

--
-- Ευρετήρια για πίνακα `announcements`
--
ALTER TABLE `announcements`
  ADD PRIMARY KEY (`id`);

--
-- Ευρετήρια για πίνακα `base`
--
ALTER TABLE `base`
  ADD PRIMARY KEY (`id`);

--
-- Ευρετήρια για πίνακα `categories`
--
ALTER TABLE `categories`
  ADD PRIMARY KEY (`id`);

--
-- Ευρετήρια για πίνακα `inventory`
--
ALTER TABLE `inventory`
  ADD PRIMARY KEY (`id`),
  ADD KEY `fk_rescuer` (`rescuer_id`);

--
-- Ευρετήρια για πίνακα `items`
--
ALTER TABLE `items`
  ADD PRIMARY KEY (`id`),
  ADD KEY `category_id` (`category_id`);

--
-- Ευρετήρια για πίνακα `item_details`
--
ALTER TABLE `item_details`
  ADD PRIMARY KEY (`id`),
  ADD KEY `item_id` (`item_id`);

--
-- Ευρετήρια για πίνακα `offers`
--
ALTER TABLE `offers`
  ADD PRIMARY KEY (`id`),
  ADD KEY `user_id` (`user_id`);

--
-- Ευρετήρια για πίνακα `requests`
--
ALTER TABLE `requests`
  ADD PRIMARY KEY (`id`),
  ADD KEY `user_id` (`user_id`),
  ADD KEY `item_id` (`item_id`);

--
-- Ευρετήρια για πίνακα `tasks`
--
ALTER TABLE `tasks`
  ADD PRIMARY KEY (`task_id`),
  ADD KEY `offer_id` (`offer_id`),
  ADD KEY `request_id` (`request_id`);

--
-- Ευρετήρια για πίνακα `users`
--
ALTER TABLE `users`
  ADD PRIMARY KEY (`id`),
  ADD UNIQUE KEY `username` (`username`);

--
-- AUTO_INCREMENT για άχρηστους πίνακες
--

--
-- AUTO_INCREMENT για πίνακα `announcements`
--
ALTER TABLE `announcements`
  MODIFY `id` int(11) NOT NULL AUTO_INCREMENT, AUTO_INCREMENT=14;

--
-- AUTO_INCREMENT για πίνακα `base`
--
ALTER TABLE `base`
  MODIFY `id` int(11) NOT NULL AUTO_INCREMENT, AUTO_INCREMENT=2;

--
-- AUTO_INCREMENT για πίνακα `categories`
--
ALTER TABLE `categories`
  MODIFY `id` int(11) NOT NULL AUTO_INCREMENT, AUTO_INCREMENT=116;

--
-- AUTO_INCREMENT για πίνακα `inventory`
--
ALTER TABLE `inventory`
  MODIFY `id` int(11) NOT NULL AUTO_INCREMENT, AUTO_INCREMENT=26;

--
-- AUTO_INCREMENT για πίνακα `items`
--
ALTER TABLE `items`
  MODIFY `id` int(11) NOT NULL AUTO_INCREMENT, AUTO_INCREMENT=602;

--
-- AUTO_INCREMENT για πίνακα `item_details`
--
ALTER TABLE `item_details`
  MODIFY `id` int(11) NOT NULL AUTO_INCREMENT, AUTO_INCREMENT=2818;

--
-- AUTO_INCREMENT για πίνακα `offers`
--
ALTER TABLE `offers`
  MODIFY `id` int(11) NOT NULL AUTO_INCREMENT, AUTO_INCREMENT=60;

--
-- AUTO_INCREMENT για πίνακα `requests`
--
ALTER TABLE `requests`
  MODIFY `id` int(11) NOT NULL AUTO_INCREMENT, AUTO_INCREMENT=51;

--
-- AUTO_INCREMENT για πίνακα `tasks`
--
ALTER TABLE `tasks`
  MODIFY `task_id` int(11) NOT NULL AUTO_INCREMENT, AUTO_INCREMENT=85;

--
-- AUTO_INCREMENT για πίνακα `users`
--
ALTER TABLE `users`
  MODIFY `id` int(11) NOT NULL AUTO_INCREMENT, AUTO_INCREMENT=50;

--
-- Περιορισμοί για άχρηστους πίνακες
--

--
-- Περιορισμοί για πίνακα `inventory`
--
ALTER TABLE `inventory`
  ADD CONSTRAINT `fk_rescuer` FOREIGN KEY (`rescuer_id`) REFERENCES `users` (`id`);

--
-- Περιορισμοί για πίνακα `items`
--
ALTER TABLE `items`
  ADD CONSTRAINT `items_ibfk_1` FOREIGN KEY (`category_id`) REFERENCES `categories` (`id`);

--
-- Περιορισμοί για πίνακα `item_details`
--
ALTER TABLE `item_details`
  ADD CONSTRAINT `item_details_ibfk_1` FOREIGN KEY (`item_id`) REFERENCES `items` (`id`);

--
-- Περιορισμοί για πίνακα `offers`
--
ALTER TABLE `offers`
  ADD CONSTRAINT `offers_ibfk_1` FOREIGN KEY (`user_id`) REFERENCES `users` (`id`) ON DELETE CASCADE;

--
-- Περιορισμοί για πίνακα `requests`
--
ALTER TABLE `requests`
  ADD CONSTRAINT `requests_ibfk_1` FOREIGN KEY (`user_id`) REFERENCES `users` (`id`),
  ADD CONSTRAINT `requests_ibfk_2` FOREIGN KEY (`item_id`) REFERENCES `items` (`id`);

--
-- Περιορισμοί για πίνακα `tasks`
--
ALTER TABLE `tasks`
  ADD CONSTRAINT `tasks_ibfk_1` FOREIGN KEY (`offer_id`) REFERENCES `offers` (`id`) ON DELETE SET NULL,
  ADD CONSTRAINT `tasks_ibfk_2` FOREIGN KEY (`request_id`) REFERENCES `requests` (`id`) ON DELETE SET NULL;
COMMIT;

/*!40101 SET CHARACTER_SET_CLIENT=@OLD_CHARACTER_SET_CLIENT */;
/*!40101 SET CHARACTER_SET_RESULTS=@OLD_CHARACTER_SET_RESULTS */;
/*!40101 SET COLLATION_CONNECTION=@OLD_COLLATION_CONNECTION */;
